,P0,P1
0,5.25390625,-5.70703125
1,5.265625,-5.67578125
2,5.296875,-5.70703125
3,5.171875,-5.625
4,5.171875,-5.6171875
5,5.2265625,-5.62890625
6,5.28125,-5.69140625
7,5.2578125,-5.6953125
8,5.19140625,-5.62109375
9,4.9765625,-5.421875
10,5.23046875,-5.64453125
11,5.1640625,-5.63671875
12,5.15625,-5.57421875
13,5.19921875,-5.6015625
14,5.26953125,-5.69921875
15,5.265625,-5.6953125
16,-3.3984375,3.48046875
17,5.0234375,-5.4609375
18,5.17578125,-5.6328125
19,5.30078125,-5.73046875
20,4.0390625,-4.5546875
21,5.28515625,-5.734375
22,5.12890625,-5.5625
23,5.296875,-5.6640625
24,4.74609375,-5.25390625
25,5.10546875,-5.546875
26,5.25,-5.6875
27,5.14453125,-5.5703125
28,5.25390625,-5.703125
29,4.84375,-5.2265625
30,2.3828125,-2.759765625
31,5.2109375,-5.640625
32,5.2421875,-5.69140625
33,5.1484375,-5.546875
34,5.1171875,-5.53125
35,5.21484375,-5.640625
36,5.2890625,-5.734375
37,5.1875,-5.58984375
38,4.97265625,-5.38671875
39,5.2421875,-5.6796875
40,5.03125,-5.4375
41,5.2734375,-5.640625
42,-3.43359375,3.51171875
43,-3.361328125,3.439453125
44,5.171875,-5.59765625
45,5.2578125,-5.6953125
46,3.51953125,-3.8125
47,5.25,-5.65234375
48,4.5703125,-4.85546875
49,5.15625,-5.6640625
50,5.21484375,-5.66796875
51,5.23828125,-5.65234375
52,-2.634765625,2.7109375
53,5.2578125,-5.6953125
54,5.20703125,-5.58203125
55,5.1171875,-5.5546875
56,-3.501953125,3.568359375
57,5.29296875,-5.69140625
58,5.19140625,-5.5625
59,5.14453125,-5.53515625
60,5.23046875,-5.6640625
61,5.2421875,-5.67578125
62,2.576171875,-2.91015625
63,5.25390625,-5.65234375
64,5.19921875,-5.62109375
65,5.23828125,-5.6640625
66,5.3046875,-5.64453125
67,5.22265625,-5.609375
68,5.23046875,-5.60546875
69,5.2421875,-5.671875
70,5.2265625,-5.62109375
71,5.18359375,-5.6171875
72,5.234375,-5.67578125
73,5.15625,-5.55078125
74,4.71484375,-5.1015625
75,3.076171875,-3.244140625
76,-3.3515625,3.453125
77,5.22265625,-5.63671875
78,5.265625,-5.69140625
79,5.26953125,-5.69921875
80,5.2734375,-5.71875
81,5.31640625,-5.7265625
82,-3.20703125,3.29296875
83,5.234375,-5.63671875
84,5.26171875,-5.67578125
85,-3.318359375,3.421875
86,5.0703125,-5.5234375
87,5.0625,-5.41796875
88,5.26953125,-5.67578125
89,5.23046875,-5.734375
90,5.1328125,-5.57421875
91,5.203125,-5.5546875
92,5.05859375,-5.5078125
93,5.20703125,-5.6796875
94,5.08984375,-5.56640625
95,5.2265625,-5.6171875
96,5.109375,-5.5234375
97,5.19140625,-5.62109375
98,4.80078125,-5.140625
99,5.06640625,-5.43359375
100,5.2890625,-5.6640625
101,5.23828125,-5.65234375
102,5.2421875,-5.67578125
103,5.2734375,-5.67578125
104,5.28515625,-5.703125
105,5.2734375,-5.71875
106,5.23828125,-5.71484375
107,5.2578125,-5.734375
108,5.0703125,-5.484375
109,5.23046875,-5.68359375
110,4.796875,-5.296875
111,5.2421875,-5.640625
112,-3.224609375,3.287109375
113,5.20703125,-5.546875
114,5.19140625,-5.625
115,5.12890625,-5.46484375
116,5.14453125,-5.58203125
117,5.13671875,-5.54296875
118,5.265625,-5.703125
119,5.15625,-5.55078125
120,-3.525390625,3.587890625
121,5.21875,-5.64453125
122,5.171875,-5.6015625
123,5.20703125,-5.5859375
124,5.08984375,-5.5
125,5.20703125,-5.61328125
126,5.1875,-5.578125
127,5.2109375,-5.6171875
128,4.55859375,-4.984375
129,5.01171875,-5.4453125
130,5.1796875,-5.60546875
131,5.1953125,-5.61328125
132,5.234375,-5.71875
133,5.265625,-5.6953125
134,4.83203125,-5.1953125
135,5.00390625,-5.40234375
136,5.1640625,-5.6328125
137,5.25,-5.67578125
138,5.1640625,-5.58984375
139,5.265625,-5.69921875
140,5.19140625,-5.68359375
141,5.296875,-5.70703125
142,4.95703125,-5.4140625
143,-3.453125,3.537109375
144,5.1796875,-5.62109375
145,5.2265625,-5.6953125
146,5.03125,-5.45703125
147,5.26953125,-5.640625
148,5.28515625,-5.70703125
149,5.26953125,-5.703125
150,5.0390625,-5.50390625
151,5.20703125,-5.6015625
152,5.2734375,-5.671875
153,5.2109375,-5.6484375
154,4.48828125,-4.84765625
155,5.2265625,-5.640625
156,5.17578125,-5.515625
157,-2.23828125,2.333984375
158,5.21875,-5.6015625
159,5.1015625,-5.39453125
160,-2.619140625,2.73828125
161,5.23046875,-5.66796875
162,4.6484375,-4.9609375
163,5.1796875,-5.625
164,5.15625,-5.55078125
165,5.24609375,-5.65625
166,5.2265625,-5.63671875
167,5.2109375,-5.61328125
168,5.25,-5.6171875
169,5.0546875,-5.4921875
170,5.2734375,-5.6796875
171,4.83203125,-5.25
172,5.2109375,-5.65625
173,5.23828125,-5.63671875
174,5.25390625,-5.65625
175,-3.615234375,3.693359375
176,5.23828125,-5.65625
177,5.1875,-5.59765625
178,5.203125,-5.609375
179,5.28125,-5.6484375
180,5.265625,-5.703125
181,5.265625,-5.6953125
182,4.90625,-5.32421875
183,5.2421875,-5.6953125
184,5.296875,-5.69140625
185,5.234375,-5.62109375
186,-3.505859375,3.5625
187,5.296875,-5.6875
188,-3.48046875,3.546875
189,5.1640625,-5.58984375
190,3.64453125,-3.958984375
191,5.16796875,-5.51953125
192,-3.603515625,3.681640625
193,5.24609375,-5.68359375
194,5.234375,-5.671875
195,4.71484375,-5.15234375
196,5.12890625,-5.5546875
197,-3.33984375,3.443359375
198,5.23828125,-5.6484375
199,5.28515625,-5.71484375
200,4.828125,-5.19921875
201,5.18359375,-5.625
202,5.21484375,-5.640625
203,5.22265625,-5.671875
204,5.2578125,-5.67578125
205,5.30078125,-5.7109375
206,4.65234375,-4.8984375
207,5.30859375,-5.69921875
208,5.1953125,-5.625
209,-3.58984375,3.66796875
210,5.296875,-5.73046875
211,5.23828125,-5.671875
212,4.19921875,-4.375
213,5.1953125,-5.609375
214,5.2890625,-5.6640625
215,5.21484375,-5.63671875
216,5.28515625,-5.66796875
217,5.296875,-5.73828125
218,5.2421875,-5.65234375
219,5.1328125,-5.515625
220,5.2265625,-5.6328125
221,5.1953125,-5.625
222,5.00390625,-5.43359375
223,5.24609375,-5.6953125
224,5.21875,-5.69921875
225,5.2578125,-5.6640625
226,-3.630859375,3.7109375
227,5.2578125,-5.67578125
228,-0.30517578125,0.246826171875
229,5.2734375,-5.71484375
230,5.1171875,-5.5859375
231,5.1171875,-5.53125
232,5.0,-5.453125
233,5.05078125,-5.5
234,5.234375,-5.625
235,5.2265625,-5.63671875
236,5.26953125,-5.7265625
237,5.17578125,-5.5859375
238,5.28515625,-5.69921875
239,5.1328125,-5.53515625
240,5.234375,-5.63671875
241,4.171875,-4.51953125
242,5.17578125,-5.59765625
243,4.34765625,-4.80859375
244,5.23828125,-5.68359375
245,5.296875,-5.70703125
246,5.25390625,-5.71875
247,-3.591796875,3.65625
248,5.16015625,-5.578125
249,-3.369140625,3.439453125
250,5.234375,-5.58203125
251,5.31640625,-5.70703125
252,-3.265625,3.408203125
253,5.1953125,-5.5625
254,5.1953125,-5.62890625
255,4.30859375,-4.70703125
256,5.2109375,-5.60546875
257,5.265625,-5.69140625
258,5.234375,-5.6640625
259,4.44921875,-4.8671875
260,5.24609375,-5.6484375
261,5.26953125,-5.72265625
262,5.1875,-5.52734375
263,5.26953125,-5.73046875
264,5.078125,-5.453125
265,5.265625,-5.6953125
266,5.171875,-5.5390625
267,5.28515625,-5.68359375
268,5.140625,-5.484375
269,5.03125,-5.41796875
270,5.234375,-5.65234375
271,5.25,-5.625
272,4.96484375,-5.390625
273,5.26953125,-5.6953125
274,5.203125,-5.65625
275,5.25390625,-5.62109375
276,5.1875,-5.5703125
277,4.90625,-5.32421875
278,5.16015625,-5.5625
279,-3.587890625,3.646484375
280,5.2734375,-5.6875
281,5.2578125,-5.65234375
282,-2.87890625,2.998046875
283,5.2109375,-5.63671875
284,4.51953125,-4.80078125
285,5.23828125,-5.63671875
286,5.234375,-5.70703125
287,5.25390625,-5.671875
288,-3.365234375,3.416015625
289,4.63671875,-5.01953125
290,4.71484375,-4.98828125
291,-3.578125,3.6484375
292,5.046875,-5.5
293,5.14453125,-5.59375
294,5.27734375,-5.6796875
295,-3.19140625,3.2890625
296,5.1796875,-5.60546875
297,5.08203125,-5.515625
298,5.20703125,-5.65234375
299,5.2734375,-5.6875
300,5.17578125,-5.59375
301,5.21484375,-5.61328125
302,5.22265625,-5.65625
303,4.4296875,-4.875
304,5.28515625,-5.66015625
305,5.0,-5.35546875
306,5.234375,-5.69140625
307,2.53125,-2.69140625
308,4.58984375,-5.0
309,-3.38671875,3.48046875
310,5.21484375,-5.640625
311,5.1875,-5.640625
312,5.0078125,-5.39453125
313,5.27734375,-5.671875
314,5.203125,-5.6328125
315,5.2265625,-5.6484375
316,5.265625,-5.70703125
317,5.27734375,-5.65625
318,4.8359375,-5.203125
319,5.23828125,-5.6953125
320,5.22265625,-5.60546875
321,5.3125,-5.69921875
322,5.2734375,-5.6640625
323,5.14453125,-5.48828125
324,5.2890625,-5.70703125
325,4.94140625,-5.2734375
326,5.26171875,-5.6875
327,5.2578125,-5.7421875
328,4.609375,-5.0078125
329,5.19921875,-5.671875
330,5.2578125,-5.66796875
331,5.2265625,-5.62109375
332,5.28125,-5.73046875
333,5.2421875,-5.671875
334,5.3046875,-5.703125
335,5.2265625,-5.72265625
336,5.25,-5.72265625
337,5.10546875,-5.51171875
338,-3.44921875,3.51953125
339,2.673828125,-2.966796875
340,5.2265625,-5.71875
341,5.15625,-5.57421875
342,-2.39453125,2.32421875
343,5.234375,-5.6171875
344,5.234375,-5.6953125
345,5.07421875,-5.51171875
346,-3.36328125,3.48046875
347,5.2421875,-5.67578125
348,4.81640625,-5.19140625
349,4.890625,-5.29296875
350,5.2265625,-5.59375
351,4.55078125,-4.91796875
352,-3.615234375,3.69140625
353,5.1328125,-5.58203125
354,5.25390625,-5.6328125
355,4.76171875,-5.1328125
356,5.171875,-5.58984375
357,5.19921875,-5.609375
358,5.2109375,-5.62109375
359,5.05859375,-5.453125
360,5.2578125,-5.67578125
361,5.19921875,-5.66796875
362,5.1953125,-5.6015625
363,5.19921875,-5.59375
364,5.23046875,-5.625
365,5.20703125,-5.671875
366,5.23046875,-5.65625
367,5.09375,-5.51171875
368,-2.9140625,3.0
369,5.15625,-5.51171875
370,5.15234375,-5.5703125
371,5.2265625,-5.62109375
372,5.2421875,-5.69921875
373,5.2734375,-5.72265625
374,-3.486328125,3.556640625
375,5.21875,-5.66015625
376,5.27734375,-5.703125
377,-3.615234375,3.697265625
378,5.0703125,-5.515625
379,5.25,-5.6640625
380,5.1171875,-5.53515625
381,-2.328125,2.330078125
382,5.15234375,-5.5859375
383,-2.853515625,2.986328125
384,3.0234375,-3.15625
385,4.75390625,-5.140625
386,-3.162109375,3.255859375
387,5.1875,-5.6015625
388,3.4609375,-3.61328125
389,4.3203125,-4.7109375
390,5.2734375,-5.7265625
391,5.26171875,-5.70703125
392,4.8046875,-5.22265625
393,5.1875,-5.61328125
394,5.19921875,-5.65625
395,5.1953125,-5.63671875
396,4.73046875,-5.0234375
397,5.24609375,-5.6875
398,5.17578125,-5.5546875
399,5.03515625,-5.4609375
400,4.7734375,-5.12890625
401,5.21875,-5.58984375
402,3.99609375,-4.265625
403,4.6796875,-5.0234375
404,-3.44921875,3.52734375
405,5.16015625,-5.60546875
406,5.25,-5.68359375
407,4.6640625,-4.9609375
408,5.09375,-5.46875
409,4.05859375,-4.3046875
410,5.25390625,-5.69921875
411,5.04296875,-5.49609375
412,5.06640625,-5.48046875
413,5.2265625,-5.68359375
414,5.14453125,-5.55859375
415,4.69140625,-5.125
416,-3.30859375,3.42578125
417,5.203125,-5.6015625
418,5.2734375,-5.6875
419,5.21484375,-5.63671875
420,5.2109375,-5.66015625
421,5.27734375,-5.69921875
422,5.23828125,-5.60546875
423,5.21875,-5.6328125
424,-3.44921875,3.529296875
425,5.08984375,-5.4140625
426,3.947265625,-4.3125
427,5.22265625,-5.62109375
428,5.27734375,-5.6875
429,5.28515625,-5.734375
430,5.03125,-5.484375
431,3.44921875,-3.65234375
432,5.24609375,-5.72265625
433,-3.52734375,3.59765625
434,5.2890625,-5.6796875
435,5.15234375,-5.640625
436,5.2578125,-5.67578125
437,5.24609375,-5.68359375
438,5.2421875,-5.66015625
439,5.2109375,-5.5703125
440,5.22265625,-5.65234375
441,5.265625,-5.66796875
442,5.2421875,-5.6640625
443,5.28125,-5.703125
444,5.265625,-5.6796875
445,5.26171875,-5.69921875
446,5.2890625,-5.7421875
447,5.015625,-5.390625
448,5.1875,-5.609375
449,5.28125,-5.71484375
450,5.26171875,-5.73046875
451,5.1875,-5.5625
452,5.24609375,-5.6640625
453,4.9921875,-5.39453125
454,-3.181640625,3.28515625
455,5.2890625,-5.7109375
456,5.28515625,-5.72265625
457,5.29296875,-5.71484375
458,5.2265625,-5.60546875
459,-3.564453125,3.6328125
460,5.1875,-5.640625
461,5.25,-5.6484375
462,-2.98828125,3.025390625
463,5.17578125,-5.58984375
464,0.89794921875,-1.07421875
465,4.84375,-5.28125
466,5.296875,-5.74609375
467,5.265625,-5.6796875
468,3.6484375,-3.84375
469,-3.552734375,3.63671875
470,-0.8212890625,0.669921875
471,4.96484375,-5.32421875
472,-3.564453125,3.6484375
473,-3.12109375,3.14453125
474,5.1875,-5.6328125
475,-3.333984375,3.427734375
476,-3.572265625,3.64453125
477,5.12109375,-5.56640625
478,5.25,-5.65234375
479,5.0859375,-5.53125
480,5.26953125,-5.71484375
481,5.140625,-5.60546875
482,5.265625,-5.6796875
483,5.21484375,-5.68359375
484,4.90625,-5.29296875
485,5.234375,-5.63671875
486,5.2265625,-5.69140625
487,5.21875,-5.6875
488,5.0390625,-5.48046875
489,4.68359375,-5.015625
490,-3.5078125,3.576171875
491,5.1875,-5.578125
492,5.25390625,-5.69140625
493,5.26953125,-5.7265625
494,5.296875,-5.66015625
495,4.33984375,-4.828125
496,-3.3984375,3.54296875
497,5.24609375,-5.65234375
498,1.9248046875,-2.279296875
499,5.2265625,-5.65234375
500,4.26953125,-4.75
501,4.58203125,-4.8203125
502,5.26171875,-5.63671875
503,5.15234375,-5.6015625
504,5.29296875,-5.71484375
505,5.265625,-5.703125
506,5.1640625,-5.58984375
507,5.26171875,-5.7109375
508,-3.5859375,3.658203125
509,5.15625,-5.59765625
510,5.265625,-5.6796875
511,5.27734375,-5.74609375
512,4.171875,-4.51953125
513,5.2890625,-5.75
514,5.2265625,-5.6640625
515,5.12109375,-5.57421875
516,5.2421875,-5.6015625
517,5.21875,-5.625
518,-3.62109375,3.6953125
519,5.26953125,-5.64453125
520,5.078125,-5.515625
521,5.1328125,-5.53515625
522,5.0390625,-5.44921875
523,5.30078125,-5.70703125
524,5.21484375,-5.578125
525,5.29296875,-5.7109375
526,5.1875,-5.61328125
527,5.2265625,-5.55859375
528,5.2578125,-5.6328125
529,5.24609375,-5.65625
530,5.2734375,-5.74609375
531,5.2734375,-5.640625
532,5.26171875,-5.67578125
533,5.29296875,-5.671875
534,5.265625,-5.64453125
535,5.1796875,-5.609375
536,5.1796875,-5.57421875
537,5.23828125,-5.6953125
538,5.28515625,-5.73828125
539,5.2890625,-5.7109375
540,-3.611328125,3.6953125
541,5.18359375,-5.609375
542,5.1875,-5.58984375
543,5.1484375,-5.5625
544,5.25390625,-5.69921875
545,4.984375,-5.39453125
546,5.171875,-5.640625
547,5.21484375,-5.66796875
548,5.28125,-5.703125
549,5.171875,-5.625
550,4.9609375,-5.3046875
551,-3.30078125,3.408203125
552,5.21484375,-5.68359375
553,5.15625,-5.5703125
554,5.2890625,-5.6875
555,5.27734375,-5.6953125
556,5.1875,-5.62109375
557,-3.4296875,3.515625
558,5.19140625,-5.58984375
559,5.22265625,-5.63671875
560,5.28125,-5.6796875
561,5.3046875,-5.73046875
562,5.30078125,-5.73046875
563,-3.62890625,3.703125
564,4.32421875,-4.71875
565,5.26953125,-5.71875
566,5.08203125,-5.41015625
567,5.20703125,-5.66015625
568,5.28125,-5.6796875
569,5.25,-5.6640625
570,5.1875,-5.65234375
571,-3.48828125,3.56640625
572,4.6875,-5.0234375
573,-3.203125,3.259765625
574,5.19921875,-5.640625
575,5.15234375,-5.5390625
576,5.26953125,-5.734375
577,5.265625,-5.6484375
578,5.140625,-5.640625
579,5.2421875,-5.7109375
580,5.1640625,-5.578125
581,5.26953125,-5.6875
582,5.19140625,-5.5546875
583,5.1328125,-5.5703125
584,5.2421875,-5.66015625
585,5.16796875,-5.578125
586,5.22265625,-5.671875
587,-3.546875,3.619140625
588,3.947265625,-4.3125
589,5.28125,-5.73046875
590,5.02734375,-5.4609375
591,5.23046875,-5.6328125
592,5.26171875,-5.69140625
593,3.041015625,-3.4765625
594,5.25,-5.70703125
595,5.26171875,-5.625
596,5.1796875,-5.609375
597,5.140625,-5.578125
598,5.28515625,-5.67578125
599,3.771484375,-4.0390625
600,5.17578125,-5.56640625
601,5.28125,-5.70703125
602,5.25390625,-5.65625
603,-3.43359375,3.5
604,4.60546875,-4.91796875
605,5.109375,-5.58203125
606,4.7890625,-5.19140625
607,5.25390625,-5.6640625
608,5.26953125,-5.70703125
609,5.25390625,-5.66015625
610,4.83984375,-5.25
611,5.20703125,-5.6171875
612,4.5390625,-4.93359375
613,5.0390625,-5.44921875
614,5.296875,-5.6875
615,5.2734375,-5.6953125
616,5.2109375,-5.6484375
617,2.4140625,-2.58203125
618,5.21875,-5.671875
619,5.203125,-5.6640625
620,5.2734375,-5.671875
621,-3.6484375,3.71875
622,5.15625,-5.609375
623,5.2109375,-5.60546875
624,5.19921875,-5.62890625
625,5.20703125,-5.609375
626,5.24609375,-5.67578125
627,5.1796875,-5.62109375
628,5.078125,-5.4921875
629,5.25,-5.71875
630,5.18359375,-5.66796875
631,5.27734375,-5.67578125
632,5.25,-5.70703125
633,5.1015625,-5.51171875
634,1.9228515625,-2.02734375
635,4.85546875,-5.27734375
636,5.0859375,-5.41796875
637,5.2578125,-5.6953125
638,5.19140625,-5.62890625
639,5.27734375,-5.71875
640,5.2109375,-5.61328125
641,5.23828125,-5.65234375
642,5.25,-5.67578125
643,5.23046875,-5.578125
644,5.18359375,-5.546875
645,4.60546875,-4.9609375
646,5.234375,-5.6875
647,5.26953125,-5.7265625
648,5.1953125,-5.66796875
649,5.2890625,-5.72265625
650,5.2578125,-5.6640625
651,4.74609375,-5.203125
652,5.0546875,-5.453125
653,1.9248046875,-2.279296875
654,5.28515625,-5.671875
655,5.2890625,-5.76171875
656,5.203125,-5.6015625
657,4.2734375,-4.671875
658,5.13671875,-5.5859375
659,5.16015625,-5.546875
660,5.29296875,-5.63671875
661,5.2578125,-5.7109375
662,5.27734375,-5.72265625
663,5.17578125,-5.578125
664,5.24609375,-5.6640625
665,5.296875,-5.66015625
666,5.19140625,-5.6015625
667,5.125,-5.56640625
668,3.59375,-3.9296875
669,5.16015625,-5.546875
670,4.8828125,-5.3203125
671,5.21484375,-5.68359375
672,5.16796875,-5.578125
673,5.24609375,-5.60546875
674,5.16796875,-5.57421875
675,5.2578125,-5.6875
676,5.11328125,-5.50390625
677,5.19921875,-5.6328125
678,-3.59765625,3.69140625
679,-2.34765625,2.380859375
680,5.17578125,-5.5703125
681,5.2421875,-5.65234375
682,5.234375,-5.6796875
683,5.19140625,-5.58984375
684,5.24609375,-5.66015625
685,-2.3125,2.28515625
686,5.2890625,-5.71875
687,5.23046875,-5.63671875
688,-3.373046875,3.462890625
689,5.28125,-5.6875
690,5.27734375,-5.71875
691,5.26953125,-5.67578125
692,5.27734375,-5.6640625
693,5.25,-5.65625
694,-3.544921875,3.6171875
695,5.26171875,-5.65625
696,5.125,-5.5546875
697,5.2421875,-5.5859375
698,5.1953125,-5.6328125
699,5.25390625,-5.64453125
700,5.20703125,-5.609375
701,5.30078125,-5.71484375
702,5.28125,-5.70703125
703,5.1953125,-5.65625
704,5.28515625,-5.734375
705,5.24609375,-5.6640625
706,-3.5859375,3.65234375
707,4.79296875,-5.08984375
708,-3.48046875,3.5625
709,5.28515625,-5.72265625
710,4.703125,-5.13671875
711,5.01171875,-5.33984375
712,-3.318359375,3.40234375
713,5.05859375,-5.5
714,5.24609375,-5.6328125
715,5.24609375,-5.6875
716,5.28515625,-5.76953125
717,5.3046875,-5.71484375
718,5.27734375,-5.66015625
719,-3.0625,3.173828125
720,5.06640625,-5.53125
721,-3.611328125,3.685546875
722,4.70703125,-5.1328125
723,-3.6015625,3.6796875
724,5.078125,-5.49609375
725,-2.578125,2.654296875
726,5.28515625,-5.70703125
727,-3.58984375,3.666015625
728,5.2109375,-5.5859375
729,5.21484375,-5.64453125
730,-2.728515625,2.720703125
731,5.296875,-5.68359375
732,5.25390625,-5.65625
733,5.234375,-5.61328125
734,5.171875,-5.5625
735,5.265625,-5.65625
736,-3.5078125,3.580078125
737,5.1875,-5.609375
738,5.27734375,-5.6875
739,4.80078125,-5.234375
740,5.25,-5.65625
741,5.2265625,-5.6328125
742,4.86328125,-5.234375
743,-3.34765625,3.435546875
744,5.2109375,-5.59375
745,5.21875,-5.640625
746,5.25390625,-5.71484375
747,5.23828125,-5.6328125
748,5.25390625,-5.67578125
749,5.1484375,-5.53125
750,5.1640625,-5.53125
751,4.8671875,-5.3046875
752,4.71484375,-5.0703125
753,5.1796875,-5.578125
754,5.203125,-5.5390625
755,5.27734375,-5.671875
756,-3.423828125,3.51953125
757,5.265625,-5.69921875
758,5.23828125,-5.60546875
759,5.2109375,-5.64453125
760,5.2734375,-5.72265625
761,4.94921875,-5.39453125
762,5.23828125,-5.64453125
763,5.16015625,-5.57421875
764,-3.396484375,3.55078125
765,4.82421875,-5.2578125
766,5.2421875,-5.671875
767,5.0234375,-5.5546875
768,5.0390625,-5.49609375
769,5.18359375,-5.58203125
770,5.1640625,-5.5859375
771,5.21875,-5.6640625
772,-3.31640625,3.39453125
773,4.8203125,-5.21875
774,5.26171875,-5.68359375
775,-3.546875,3.619140625
776,2.224609375,-2.533203125
777,5.09375,-5.4921875
778,4.9296875,-5.38671875
779,5.26953125,-5.7265625
780,-3.5859375,3.65234375
781,5.25,-5.66015625
782,5.25,-5.65625
783,5.1953125,-5.55859375
784,5.19140625,-5.578125
785,5.2734375,-5.68359375
786,4.68359375,-5.125
787,5.16796875,-5.63671875
788,5.1875,-5.61328125
789,5.2109375,-5.65234375
790,3.166015625,-3.482421875
791,5.0625,-5.51953125
792,5.2109375,-5.61328125
793,-3.36328125,3.44921875
794,5.1484375,-5.56640625
795,5.25,-5.640625
796,5.3203125,-5.71875
797,5.171875,-5.58984375
798,5.203125,-5.6015625
799,5.2890625,-5.69921875
800,5.18359375,-5.62109375
801,5.23828125,-5.6875
802,4.44921875,-4.7109375
803,5.125,-5.52734375
804,5.2734375,-5.70703125
805,5.265625,-5.65234375
806,5.16796875,-5.625
807,5.29296875,-5.71484375
808,-3.2734375,3.373046875
809,5.21484375,-5.625
810,5.23828125,-5.64453125
811,5.23828125,-5.7109375
812,5.23046875,-5.5859375
813,5.21875,-5.64453125
814,5.27734375,-5.69921875
815,5.21484375,-5.61328125
816,5.23046875,-5.6796875
817,-3.615234375,3.693359375
818,4.83984375,-5.25
819,-3.501953125,3.5859375
820,5.265625,-5.71484375
821,5.20703125,-5.484375
822,-3.626953125,3.701171875
823,5.03125,-5.41015625
824,4.859375,-5.30859375
825,5.23828125,-5.6640625
826,5.234375,-5.63671875
827,5.2890625,-5.71484375
828,5.11328125,-5.48046875
829,-3.572265625,3.64453125
830,5.21875,-5.7265625
831,-3.611328125,3.693359375
832,-2.634765625,2.701171875
833,5.21484375,-5.625
834,4.6875,-5.12890625
835,5.28515625,-5.71484375
836,4.54296875,-4.94140625
837,5.01171875,-5.35546875
838,5.1015625,-5.44140625
839,5.1875,-5.54296875
840,5.03125,-5.41015625
841,5.19140625,-5.64453125
842,5.22265625,-5.63671875
843,3.208984375,-3.541015625
844,5.20703125,-5.609375
845,2.625,-2.943359375
846,5.28125,-5.6953125
847,4.9453125,-5.42578125
848,4.60546875,-5.00390625
849,5.21875,-5.6171875
850,5.265625,-5.671875
851,5.08203125,-5.515625
852,5.21484375,-5.61328125
853,5.20703125,-5.61328125
854,5.19140625,-5.60546875
855,5.1796875,-5.64453125
856,4.7890625,-5.20703125
857,5.1875,-5.6328125
858,5.23046875,-5.703125
859,3.51953125,-3.857421875
860,4.984375,-5.4296875
861,5.125,-5.4765625
862,5.21875,-5.6640625
863,5.19140625,-5.62890625
864,5.28125,-5.72265625
865,5.30859375,-5.7109375
866,5.1953125,-5.58984375
867,5.19140625,-5.671875
868,5.26953125,-5.72265625
869,5.21875,-5.6015625
870,4.375,-4.7265625
871,5.25,-5.7109375
872,-3.044921875,3.20703125
873,5.203125,-5.65625
874,5.2265625,-5.65625
875,4.3359375,-4.80078125
876,5.234375,-5.6875
877,3.4375,-3.76171875
878,5.234375,-5.6640625
879,5.171875,-5.58984375
880,5.21875,-5.62109375
881,4.9921875,-5.4375
882,5.26171875,-5.671875
883,3.89453125,-4.33203125
884,5.28515625,-5.7421875
885,5.23828125,-5.65625
886,4.9765625,-5.375
887,5.2421875,-5.671875
888,5.16015625,-5.546875
889,5.25,-5.6640625
890,5.25,-5.65234375
891,4.58203125,-4.9765625
892,5.2890625,-5.71875
893,5.234375,-5.6796875
894,5.078125,-5.47265625
895,5.25390625,-5.67578125
896,5.28125,-5.61328125
897,-3.267578125,3.34765625
898,5.2421875,-5.703125
899,5.265625,-5.63671875
900,5.2109375,-5.66796875
901,5.2890625,-5.71484375
902,5.234375,-5.65625
903,5.265625,-5.6640625
904,2.1015625,-2.369140625
905,5.2421875,-5.66015625
906,-3.642578125,3.71875
907,5.25,-5.6796875
908,5.3046875,-5.734375
909,5.25390625,-5.6484375
910,5.0390625,-5.4921875
911,-1.4287109375,1.4150390625
912,5.0546875,-5.4296875
913,4.96484375,-5.296875
914,5.16796875,-5.59765625
915,5.296875,-5.66015625
916,5.25390625,-5.6875
917,5.28515625,-5.6875
918,-3.630859375,3.71484375
919,4.9296875,-5.40234375
920,4.88671875,-5.3203125
921,5.18359375,-5.61328125
922,3.029296875,-3.21875
923,5.13671875,-5.53125
924,5.2421875,-5.64453125
925,4.91796875,-5.3203125
926,5.1484375,-5.58984375
927,5.2265625,-5.62890625
928,5.125,-5.57421875
929,5.09765625,-5.5078125
930,5.26171875,-5.67578125
931,5.26171875,-5.7109375
932,5.203125,-5.640625
933,3.947265625,-4.3125
934,5.2578125,-5.7109375
935,5.203125,-5.625
936,4.63671875,-5.05078125
937,-3.634765625,3.716796875
938,5.21484375,-5.6484375
939,4.3515625,-4.6484375
940,5.2890625,-5.671875
941,-3.060546875,3.15234375
942,4.9140625,-5.34765625
943,5.140625,-5.5234375
944,4.91015625,-5.30859375
945,-3.611328125,3.6796875
946,5.19140625,-5.625
947,-3.51953125,3.580078125
948,5.2421875,-5.66796875
949,-3.599609375,3.68359375
950,4.9765625,-5.38671875
951,5.1875,-5.6640625
952,5.21875,-5.60546875
953,4.9140625,-5.3828125
954,5.15625,-5.5234375
955,5.19140625,-5.625
956,5.21484375,-5.66015625
957,3.798828125,-4.08984375
958,5.08984375,-5.51171875
959,-3.609375,3.689453125
960,4.6875,-5.12890625
961,5.26953125,-5.73828125
962,5.23046875,-5.703125
963,5.03125,-5.4453125
964,5.2421875,-5.71875
965,5.2734375,-5.671875
966,5.140625,-5.59375
967,-3.48828125,3.55078125
968,5.2265625,-5.578125
969,5.13671875,-5.609375
970,2.865234375,-3.001953125
971,2.3828125,-2.759765625
972,5.1796875,-5.6171875
973,5.16015625,-5.58984375
974,5.2578125,-5.64453125
975,5.265625,-5.73828125
976,5.046875,-5.44140625
977,5.296875,-5.72265625
978,5.0625,-5.4765625
979,5.140625,-5.5078125
980,5.140625,-5.60546875
981,3.802734375,-4.20703125
982,4.5546875,-4.98828125
983,5.2421875,-5.671875
984,4.80859375,-5.1796875
985,5.13671875,-5.55078125
986,5.203125,-5.65625
987,5.2578125,-5.72265625
988,5.2421875,-5.609375
989,5.2109375,-5.578125
990,2.5234375,-2.8203125
991,4.6875,-5.12890625
992,5.19921875,-5.64453125
993,5.2734375,-5.69140625
994,5.1953125,-5.59375
995,5.21875,-5.625
996,5.18359375,-5.5625
997,5.16015625,-5.5703125
998,3.400390625,-3.8203125
999,-3.349609375,3.451171875
1000,-3.357421875,3.4609375
1001,5.27734375,-5.67578125
1002,5.18359375,-5.59375
1003,5.234375,-5.625
1004,5.171875,-5.6328125
1005,5.1640625,-5.56640625
1006,-3.552734375,3.630859375
1007,5.16015625,-5.58203125
1008,5.07421875,-5.54296875
1009,5.203125,-5.65625
1010,5.203125,-5.6484375
1011,5.29296875,-5.7109375
1012,5.265625,-5.71484375
1013,5.2734375,-5.65625
1014,4.17578125,-4.5078125
1015,4.6875,-5.12890625
1016,5.07421875,-5.53515625
1017,4.53125,-4.7734375
1018,5.28515625,-5.703125
1019,5.16796875,-5.58203125
1020,5.28515625,-5.7265625
1021,5.16015625,-5.5703125
1022,5.29296875,-5.72265625
1023,-3.4375,3.5
1024,5.2734375,-5.7265625
1025,5.234375,-5.6328125
1026,5.2578125,-5.58984375
1027,5.2421875,-5.74609375
1028,5.2109375,-5.61328125
1029,5.25390625,-5.69921875
1030,4.98046875,-5.3828125
1031,5.1875,-5.6328125
1032,5.1953125,-5.58203125
1033,5.23046875,-5.703125
1034,-3.126953125,3.208984375
1035,5.265625,-5.640625
1036,4.73046875,-5.171875
1037,5.078125,-5.5234375
1038,3.775390625,-4.203125
1039,4.0390625,-4.4921875
1040,5.171875,-5.5859375
1041,5.2109375,-5.66015625
1042,5.30859375,-5.70703125
1043,5.2734375,-5.66015625
1044,5.234375,-5.6484375
1045,5.20703125,-5.62890625
1046,5.09765625,-5.47265625
1047,4.6875,-5.12890625
1048,-3.630859375,3.693359375
1049,5.1328125,-5.5390625
1050,5.2265625,-5.6640625
1051,5.1875,-5.640625
1052,4.171875,-4.51953125
1053,5.3203125,-5.7265625
1054,5.23046875,-5.6875
1055,5.2890625,-5.7265625
1056,5.2578125,-5.71484375
1057,5.2890625,-5.71484375
1058,4.796875,-5.16015625
1059,3.775390625,-4.18359375
1060,5.15625,-5.578125
1061,5.26953125,-5.68359375
1062,5.10546875,-5.48046875
1063,5.265625,-5.6328125
1064,5.2578125,-5.74609375
1065,5.2890625,-5.71875
1066,4.8046875,-5.234375
1067,1.9248046875,-2.279296875
1068,4.8515625,-5.2578125
1069,-3.634765625,3.703125
1070,4.6875,-5.12890625
1071,5.1953125,-5.6015625
1072,5.203125,-5.6328125
1073,5.28515625,-5.7109375
1074,4.21875,-4.640625
1075,5.21875,-5.625
1076,5.25,-5.6640625
1077,4.89453125,-5.33203125
1078,4.9375,-5.32421875
1079,-3.53515625,3.609375
1080,5.28515625,-5.67578125
1081,4.6015625,-5.04296875
1082,5.2890625,-5.65234375
1083,4.9140625,-5.34375
1084,-3.173828125,3.275390625
1085,5.046875,-5.3125
1086,5.1484375,-5.5234375
1087,3.6640625,-4.09765625
1088,5.27734375,-5.72265625
1089,5.1640625,-5.5703125
1090,5.18359375,-5.55078125
1091,5.1640625,-5.6328125
1092,5.22265625,-5.671875
1093,5.14453125,-5.609375
1094,5.15234375,-5.55078125
1095,5.25,-5.6796875
1096,5.265625,-5.6328125
1097,5.25390625,-5.6953125
1098,5.078125,-5.46875
1099,5.31640625,-5.734375
1100,5.19921875,-5.671875
1101,5.25,-5.6171875
1102,5.265625,-5.6953125
1103,5.234375,-5.6484375
1104,5.2265625,-5.671875
1105,5.24609375,-5.734375
1106,5.06640625,-5.53515625
1107,2.25,-2.638671875
1108,4.88671875,-5.27734375
1109,5.203125,-5.60546875
1110,5.28125,-5.671875
1111,4.68359375,-5.10546875
1112,5.28515625,-5.7265625
1113,5.203125,-5.64453125
1114,5.23828125,-5.64453125
1115,5.28125,-5.66796875
1116,5.26953125,-5.734375
1117,3.384765625,-3.7890625
1118,5.25,-5.671875
1119,5.140625,-5.55078125
1120,5.29296875,-5.6640625
1121,5.09765625,-5.53515625
1122,5.13671875,-5.50390625
1123,-3.62890625,3.724609375
1124,5.23046875,-5.62890625
1125,5.2890625,-5.6953125
1126,4.578125,-4.921875
1127,5.29296875,-5.703125
1128,5.21875,-5.6640625
1129,5.24609375,-5.6171875
1130,5.13671875,-5.578125
1131,5.29296875,-5.71484375
1132,5.28125,-5.7265625
1133,5.14453125,-5.54296875
1134,4.4375,-4.8125
1135,5.23046875,-5.70703125
1136,4.96875,-5.33984375
1137,5.23828125,-5.671875
1138,4.8828125,-5.33203125
1139,5.28125,-5.6640625
1140,-3.560546875,3.66015625
1141,5.2734375,-5.734375
1142,5.2109375,-5.66015625
1143,3.95703125,-4.34375
1144,5.3046875,-5.70703125
1145,5.265625,-5.69921875
1146,5.2578125,-5.71875
1147,5.20703125,-5.6328125
1148,4.7265625,-5.0703125
1149,5.26953125,-5.71875
1150,5.13671875,-5.58203125
1151,5.19140625,-5.671875
1152,5.13671875,-5.484375
1153,5.2734375,-5.71875
1154,3.65625,-3.951171875
1155,1.1572265625,-1.20703125
1156,5.21484375,-5.66796875
1157,5.25,-5.609375
1158,5.2421875,-5.671875
1159,5.1953125,-5.66015625
1160,5.2109375,-5.66015625
1161,5.234375,-5.58984375
1162,4.9453125,-5.30078125
1163,5.3125,-5.734375
1164,4.94921875,-5.37890625
1165,-3.525390625,3.59765625
1166,5.1875,-5.578125
1167,5.2421875,-5.6328125
1168,5.25390625,-5.67578125
1169,5.2578125,-5.734375
1170,5.25,-5.68359375
1171,-3.109375,3.1796875
1172,-3.19921875,3.287109375
1173,5.203125,-5.62109375
1174,4.875,-5.19921875
1175,-3.611328125,3.6953125
1176,4.8046875,-5.265625
1177,5.28515625,-5.71484375
1178,5.2578125,-5.6875
1179,5.0390625,-5.34765625
1180,4.8203125,-5.1875
1181,5.19140625,-5.63671875
1182,5.046875,-5.4765625
1183,-2.365234375,2.40234375
1184,5.1640625,-5.6328125
1185,5.07421875,-5.55078125
1186,5.09375,-5.5625
1187,5.265625,-5.67578125
1188,5.23828125,-5.68359375
1189,5.21484375,-5.66796875
1190,5.078125,-5.5078125
1191,5.1953125,-5.625
1192,5.24609375,-5.70703125
1193,5.234375,-5.6328125
1194,5.18359375,-5.6015625
1195,5.23828125,-5.65234375
1196,5.2890625,-5.69140625
1197,4.6875,-4.99609375
1198,-3.61328125,3.69140625
1199,5.234375,-5.63671875
1200,5.28125,-5.7265625
1201,5.23828125,-5.63671875
1202,5.21875,-5.671875
1203,5.11328125,-5.58984375
1204,5.1875,-5.58984375
1205,3.953125,-4.375
1206,4.6875,-5.12890625
1207,2.001953125,-2.33984375
1208,4.6875,-5.12890625
1209,4.90625,-5.34375
1210,5.2109375,-5.6015625
1211,2.369140625,-2.671875
1212,5.20703125,-5.640625
1213,5.20703125,-5.65234375
1214,3.537109375,-3.859375
1215,5.24609375,-5.64453125
1216,5.0,-5.33984375
1217,5.28125,-5.703125
1218,5.17578125,-5.625
1219,-3.322265625,3.41796875
1220,5.23828125,-5.66796875
1221,5.26171875,-5.63671875
1222,5.19140625,-5.6171875
1223,5.171875,-5.625
1224,5.1015625,-5.5546875
1225,5.0546875,-5.4609375
1226,5.23828125,-5.67578125
1227,-3.638671875,3.708984375
1228,4.71875,-5.15234375
1229,5.1640625,-5.6328125
1230,5.16015625,-5.5390625
1231,4.76171875,-5.1875
1232,5.265625,-5.71484375
1233,5.22265625,-5.6328125
1234,-1.5361328125,1.4775390625
1235,5.0859375,-5.5
1236,5.1640625,-5.578125
1237,5.1015625,-5.51953125
1238,4.6875,-5.12890625
1239,4.59375,-5.0546875
1240,-3.376953125,3.462890625
1241,3.9921875,-4.328125
1242,5.21875,-5.69140625
1243,5.1875,-5.6171875
1244,5.27734375,-5.6796875
1245,5.109375,-5.54296875
1246,5.19921875,-5.640625
1247,5.2578125,-5.734375
1248,5.296875,-5.74609375
1249,5.2734375,-5.671875
1250,-3.58984375,3.66015625
1251,5.2734375,-5.68359375
1252,5.25390625,-5.69921875
1253,5.19921875,-5.609375
1254,5.234375,-5.6015625
1255,5.25,-5.66796875
1256,5.07421875,-5.4765625
1257,-2.7109375,2.75390625
1258,3.947265625,-4.3125
1259,5.2890625,-5.7109375
1260,5.28515625,-5.6875
1261,5.1875,-5.6015625
1262,4.94921875,-5.40625
1263,5.1796875,-5.58984375
1264,-3.62109375,3.69140625
1265,5.078125,-5.515625
1266,5.2578125,-5.69921875
1267,5.1171875,-5.5390625
1268,5.27734375,-5.7265625
1269,5.28125,-5.71484375
1270,5.2265625,-5.6640625
1271,5.171875,-5.5625
1272,5.21484375,-5.64453125
1273,5.2734375,-5.734375
1274,5.16796875,-5.58203125
1275,5.2734375,-5.6875
1276,5.0859375,-5.4140625
1277,5.171875,-5.67578125
1278,5.1875,-5.546875
1279,4.5546875,-4.93359375
1280,5.25,-5.65625
1281,-2.759765625,2.92578125
1282,5.25,-5.66796875
1283,-3.24609375,3.30859375
1284,5.203125,-5.58984375
1285,5.17578125,-5.55859375
1286,5.2109375,-5.625
1287,5.23046875,-5.625
1288,5.28125,-5.7109375
1289,5.2265625,-5.625
1290,5.28125,-5.65625
1291,5.10546875,-5.5234375
1292,4.8203125,-5.203125
1293,4.70703125,-5.1328125
1294,3.94140625,-4.28515625
1295,4.7109375,-5.1796875
1296,5.20703125,-5.62890625
1297,5.265625,-5.75
1298,5.265625,-5.671875
1299,5.203125,-5.56640625
1300,5.265625,-5.671875
1301,5.21875,-5.6484375
1302,5.203125,-5.640625
1303,5.05078125,-5.5
1304,5.265625,-5.66015625
1305,0.64306640625,-0.78955078125
1306,-3.41796875,3.51171875
1307,4.9921875,-5.35546875
1308,5.2421875,-5.65625
1309,5.27734375,-5.640625
1310,5.25390625,-5.69140625
1311,5.14453125,-5.55859375
1312,5.24609375,-5.6015625
1313,5.01171875,-5.33984375
1314,5.2734375,-5.6328125
1315,-3.515625,3.5859375
1316,5.1640625,-5.58203125
1317,5.15234375,-5.6171875
1318,4.96875,-5.23046875
1319,5.31640625,-5.73046875
1320,5.01953125,-5.44140625
1321,-3.390625,3.462890625
1322,5.26953125,-5.76171875
1323,5.140625,-5.578125
1324,5.2265625,-5.67578125
1325,-1.8623046875,1.931640625
1326,5.2734375,-5.69921875
1327,5.27734375,-5.70703125
1328,5.26953125,-5.671875
1329,5.234375,-5.6484375
1330,-3.521484375,3.60546875
1331,5.1953125,-5.5859375
1332,-3.515625,3.5859375
1333,5.02734375,-5.4140625
1334,5.25390625,-5.640625
1335,5.32421875,-5.73046875
1336,5.19921875,-5.60546875
1337,5.26171875,-5.6796875
1338,5.12890625,-5.54296875
1339,5.19921875,-5.60546875
1340,5.2578125,-5.69921875
1341,5.22265625,-5.71875
1342,5.2421875,-5.6484375
1343,5.1328125,-5.55078125
1344,5.265625,-5.66796875
1345,4.91796875,-5.3359375
1346,5.2734375,-5.67578125
1347,5.11328125,-5.515625
1348,3.49609375,-3.880859375
1349,5.14453125,-5.5703125
1350,5.26953125,-5.6796875
1351,4.234375,-4.7265625
1352,5.25390625,-5.6953125
1353,4.73828125,-5.1640625
1354,5.2421875,-5.6484375
1355,5.23046875,-5.625
1356,5.203125,-5.64453125
1357,5.28515625,-5.72265625
1358,5.25390625,-5.63671875
1359,5.19921875,-5.58203125
1360,5.1796875,-5.5859375
1361,4.98828125,-5.39453125
1362,5.1875,-5.61328125
1363,5.2734375,-5.66015625
1364,5.20703125,-5.609375
1365,5.23046875,-5.640625
1366,5.24609375,-5.6953125
1367,5.22265625,-5.6171875
1368,5.1796875,-5.609375
1369,5.28515625,-5.671875
1370,5.296875,-5.70703125
1371,5.234375,-5.640625
1372,5.26171875,-5.70703125
1373,4.13671875,-4.3828125
1374,-3.376953125,3.5078125
1375,5.2265625,-5.59765625
1376,5.078125,-5.4765625
1377,5.25390625,-5.734375
1378,5.28125,-5.6953125
1379,5.30078125,-5.71875
1380,5.24609375,-5.65625
1381,5.26171875,-5.66015625
1382,5.3125,-5.70703125
1383,5.15234375,-5.58984375
1384,5.19921875,-5.62109375
1385,5.23046875,-5.671875
1386,5.21484375,-5.671875
1387,5.26171875,-5.67578125
1388,5.2578125,-5.69921875
1389,5.2265625,-5.66796875
1390,5.234375,-5.703125
1391,-3.537109375,3.615234375
1392,4.625,-5.08984375
1393,5.05078125,-5.34765625
1394,5.1953125,-5.5546875
1395,-2.591796875,2.666015625
1396,5.19140625,-5.640625
1397,4.078125,-4.44921875
1398,5.234375,-5.6796875
1399,-3.1171875,3.158203125
1400,3.607421875,-4.0390625
1401,5.2109375,-5.6328125
1402,4.8203125,-5.21484375
1403,5.25,-5.703125
1404,5.24609375,-5.6328125
1405,5.2890625,-5.734375
1406,5.30859375,-5.7421875
1407,5.2578125,-5.7265625
1408,5.203125,-5.61328125
1409,5.265625,-5.67578125
1410,5.26953125,-5.66796875
1411,5.28125,-5.6796875
1412,5.234375,-5.68359375
1413,5.28515625,-5.69921875
1414,5.140625,-5.63671875
1415,-3.171875,3.265625
1416,5.25390625,-5.73046875
1417,5.2109375,-5.66796875
1418,5.28125,-5.65625
1419,5.171875,-5.62109375
1420,5.1640625,-5.5703125
1421,3.66015625,-4.0859375
1422,5.11328125,-5.546875
1423,5.16015625,-5.5703125
1424,5.2421875,-5.625
1425,4.28515625,-4.515625
1426,4.86328125,-5.28125
1427,5.1875,-5.5703125
1428,5.1953125,-5.5859375
1429,5.2734375,-5.71484375
1430,4.48046875,-4.8828125
1431,5.26953125,-5.6875
1432,5.2578125,-5.65234375
1433,5.15625,-5.61328125
1434,5.25,-5.6640625
1435,5.23046875,-5.62890625
1436,5.15625,-5.578125
1437,5.1171875,-5.5078125
1438,5.15234375,-5.6015625
1439,5.1953125,-5.64453125
1440,4.82421875,-5.1015625
1441,5.26171875,-5.69921875
1442,-3.40234375,3.52734375
1443,5.29296875,-5.71484375
1444,5.2421875,-5.5703125
1445,4.734375,-5.15234375
1446,5.2890625,-5.7109375
1447,5.1953125,-5.6328125
1448,5.2421875,-5.61328125
1449,5.24609375,-5.6953125
1450,5.0,-5.421875
1451,5.19140625,-5.58984375
1452,4.1796875,-4.58203125
1453,5.17578125,-5.6328125
1454,-2.64453125,2.755859375
1455,5.28125,-5.703125
1456,-3.55078125,3.6171875
1457,5.015625,-5.40625
1458,4.96875,-5.36328125
1459,4.76171875,-5.046875
1460,4.23828125,-4.5546875
1461,-3.46875,3.552734375
1462,5.20703125,-5.625
1463,5.1484375,-5.5703125
1464,5.19140625,-5.58203125
1465,5.28125,-5.69921875
1466,4.21875,-4.59375
1467,4.828125,-5.25390625
1468,4.90625,-5.328125
1469,5.19140625,-5.59375
1470,5.1796875,-5.53125
1471,5.28125,-5.72265625
1472,5.265625,-5.7265625
1473,4.82421875,-5.14453125
1474,1.9248046875,-2.279296875
1475,5.26171875,-5.6796875
1476,5.2734375,-5.68359375
1477,5.234375,-5.7109375
1478,5.28515625,-5.7421875
1479,5.15625,-5.5546875
1480,5.26171875,-5.67578125
1481,5.015625,-5.390625
1482,5.25390625,-5.671875
1483,5.2734375,-5.71875
1484,5.03125,-5.4375
1485,5.12109375,-5.55859375
1486,5.2421875,-5.6640625
1487,5.1875,-5.56640625
1488,5.265625,-5.69140625
1489,5.1953125,-5.62109375
1490,5.03515625,-5.47265625
1491,5.21875,-5.66015625
1492,5.1640625,-5.5703125
1493,5.19921875,-5.65625
1494,5.30859375,-5.6953125
1495,4.609375,-5.03125
1496,4.8203125,-5.203125
1497,5.2890625,-5.734375
1498,-3.62109375,3.697265625
1499,5.20703125,-5.6015625
1500,5.27734375,-5.6640625
1501,5.046875,-5.47265625
1502,5.24609375,-5.64453125
1503,3.345703125,-3.619140625
1504,5.25390625,-5.6875
1505,5.046875,-5.4453125
1506,4.51171875,-4.93359375
1507,5.16796875,-5.57421875
1508,3.92578125,-4.30859375
1509,5.265625,-5.6640625
1510,5.28125,-5.73046875
1511,5.13671875,-5.59765625
1512,5.3125,-5.75390625
1513,5.20703125,-5.59375
1514,5.2265625,-5.66796875
1515,5.17578125,-5.609375
1516,3.947265625,-4.3125
1517,4.75,-5.21484375
1518,3.470703125,-3.83984375
1519,5.0546875,-5.5
1520,4.8203125,-5.203125
1521,5.2109375,-5.6796875
1522,5.25,-5.68359375
1523,5.16015625,-5.46484375
1524,5.26953125,-5.6796875
1525,5.25,-5.67578125
1526,5.16015625,-5.54296875
1527,-1.1171875,1.0869140625
1528,5.2421875,-5.65234375
1529,5.2578125,-5.69140625
1530,5.11328125,-5.5234375
1531,4.984375,-5.3203125
1532,5.109375,-5.48046875
1533,4.99609375,-5.45703125
1534,2.33203125,-2.77734375
1535,5.265625,-5.73828125
1536,5.2265625,-5.6328125
1537,1.9794921875,-2.27734375
1538,5.2734375,-5.65625
1539,5.0703125,-5.4609375
1540,5.25,-5.6328125
1541,5.078125,-5.4921875
1542,5.21484375,-5.6015625
1543,5.23046875,-5.66015625
1544,5.25,-5.6328125
1545,5.25,-5.61328125
1546,5.30078125,-5.74609375
1547,5.21484375,-5.6328125
1548,5.2578125,-5.7109375
1549,5.1171875,-5.56640625
1550,5.17578125,-5.62890625
1551,4.921875,-5.3046875
1552,5.2265625,-5.6328125
1553,5.046875,-5.53515625
1554,4.84765625,-5.22265625
1555,5.23828125,-5.6953125
1556,5.234375,-5.6875
1557,5.125,-5.5703125
1558,-3.533203125,3.591796875
1559,5.2265625,-5.62109375
1560,5.1796875,-5.5625
1561,5.26171875,-5.6796875
1562,-3.62890625,3.705078125
1563,5.2109375,-5.609375
1564,5.08203125,-5.48828125
1565,5.09765625,-5.50390625
1566,1.7666015625,-2.16796875
1567,5.30859375,-5.71484375
1568,5.2890625,-5.73828125
1569,5.23046875,-5.65625
1570,5.03515625,-5.453125
1571,5.30078125,-5.71484375
1572,5.26171875,-5.71875
1573,5.2421875,-5.65234375
1574,4.96484375,-5.4140625
1575,5.1015625,-5.46875
1576,-3.421875,3.5078125
1577,5.05859375,-5.4375
1578,5.2421875,-5.640625
1579,5.171875,-5.59375
1580,5.20703125,-5.65234375
1581,5.25,-5.6796875
1582,5.2890625,-5.7109375
1583,5.234375,-5.671875
1584,4.7421875,-5.12890625
1585,4.5390625,-4.86328125
1586,5.1875,-5.625
1587,5.265625,-5.703125
1588,5.21875,-5.6328125
1589,5.203125,-5.6640625
1590,5.19921875,-5.6171875
1591,4.21484375,-4.6796875
1592,5.296875,-5.6875
1593,4.53515625,-4.85546875
1594,5.16015625,-5.5703125
1595,5.14453125,-5.5625
1596,5.10546875,-5.58984375
1597,5.203125,-5.57421875
1598,5.27734375,-5.6875
1599,5.234375,-5.6953125
1600,5.2578125,-5.66796875
1601,5.3046875,-5.7109375
1602,5.1953125,-5.62890625
1603,5.2109375,-5.6015625
1604,5.19921875,-5.546875
1605,4.625,-5.015625
1606,-3.05859375,3.177734375
1607,5.26953125,-5.69921875
1608,5.16015625,-5.640625
1609,4.54296875,-4.96875
1610,5.3046875,-5.71484375
1611,1.9248046875,-2.279296875
1612,5.234375,-5.65234375
1613,5.18359375,-5.625
1614,5.01953125,-5.41796875
1615,5.2421875,-5.69140625
1616,2.759765625,-3.05859375
1617,5.08984375,-5.515625
1618,5.21875,-5.5703125
1619,5.0703125,-5.49609375
1620,4.37109375,-4.75
1621,5.28515625,-5.69921875
1622,5.2734375,-5.6875
1623,5.27734375,-5.73046875
1624,5.28125,-5.75390625
1625,4.8203125,-5.203125
1626,5.1328125,-5.53125
1627,5.2421875,-5.63671875
1628,5.2578125,-5.671875
1629,5.140625,-5.578125
1630,5.046875,-5.5
1631,-3.59375,3.669921875
1632,4.85546875,-5.28515625
1633,4.8203125,-5.26953125
1634,5.2890625,-5.66796875
1635,5.20703125,-5.703125
1636,5.19921875,-5.69921875
1637,5.0,-5.3671875
1638,4.91796875,-5.21875
1639,5.0078125,-5.38671875
1640,4.9921875,-5.40625
1641,5.2421875,-5.64453125
1642,5.046875,-5.48828125
1643,3.88671875,-4.2890625
1644,5.19921875,-5.62890625
1645,-0.5439453125,0.422119140625
1646,5.171875,-5.5546875
1647,5.26171875,-5.66796875
1648,2.373046875,-2.53515625
1649,5.2265625,-5.6484375
1650,5.16015625,-5.53515625
1651,5.296875,-5.73828125
1652,5.265625,-5.66015625
1653,5.20703125,-5.58203125
1654,5.1484375,-5.56640625
1655,5.2109375,-5.6796875
1656,1.9248046875,-2.279296875
1657,5.3203125,-5.69921875
1658,5.1640625,-5.55859375
1659,5.234375,-5.66796875
1660,5.06640625,-5.5078125
1661,5.234375,-5.6875
1662,-3.470703125,3.546875
1663,5.2734375,-5.71875
1664,4.78515625,-5.203125
1665,5.2578125,-5.66015625
1666,5.125,-5.55859375
1667,4.34765625,-4.69921875
1668,4.33984375,-4.8203125
1669,5.25390625,-5.640625
1670,5.1953125,-5.66015625
1671,5.25,-5.703125
1672,5.21875,-5.62890625
1673,5.21484375,-5.640625
1674,5.21875,-5.63671875
1675,4.6875,-5.12890625
1676,5.28125,-5.671875
1677,5.2421875,-5.6796875
1678,5.265625,-5.671875
1679,5.24609375,-5.71484375
1680,5.22265625,-5.68359375
1681,5.21875,-5.6640625
1682,4.7890625,-5.16015625
1683,5.28125,-5.68359375
1684,5.2265625,-5.59765625
1685,-3.35546875,3.4375
1686,5.14453125,-5.5234375
1687,5.28125,-5.703125
1688,5.24609375,-5.70703125
1689,5.0546875,-5.40234375
1690,5.1875,-5.62109375
1691,5.06640625,-5.4921875
1692,5.265625,-5.65625
1693,5.26171875,-5.6875
1694,5.2734375,-5.7109375
1695,5.2734375,-5.71484375
1696,5.2421875,-5.64453125
1697,5.265625,-5.6875
1698,-3.5390625,3.59375
1699,5.06640625,-5.45703125
1700,5.2265625,-5.6484375
1701,-3.3671875,3.4296875
1702,4.8203125,-5.203125
1703,-2.572265625,2.521484375
1704,4.7578125,-5.15234375
1705,3.462890625,-3.6484375
1706,2.904296875,-3.140625
1707,5.015625,-5.4296875
1708,5.24609375,-5.671875
1709,5.0625,-5.5
1710,5.265625,-5.703125
1711,5.09765625,-5.5625
1712,4.62109375,-4.9765625
1713,5.24609375,-5.6796875
1714,5.203125,-5.640625
1715,5.28125,-5.7265625
1716,5.26171875,-5.68359375
1717,5.30078125,-5.67578125
1718,5.21875,-5.625
1719,5.23828125,-5.64453125
1720,5.21875,-5.6796875
1721,5.22265625,-5.6796875
1722,-3.603515625,3.677734375
1723,5.23828125,-5.65234375
1724,3.42578125,-3.892578125
1725,5.20703125,-5.65625
1726,4.92578125,-5.30859375
1727,5.2890625,-5.72265625
1728,5.26171875,-5.671875
1729,5.25,-5.70703125
1730,4.97265625,-5.3671875
1731,5.25,-5.66015625
1732,5.28125,-5.7109375
1733,5.0625,-5.5625
1734,5.203125,-5.6328125
1735,4.99609375,-5.375
1736,5.25,-5.6796875
1737,5.3046875,-5.7109375
1738,5.2890625,-5.69140625
1739,5.2109375,-5.6484375
1740,5.26171875,-5.6953125
1741,4.7890625,-5.19140625
1742,5.29296875,-5.7109375
1743,5.20703125,-5.59765625
1744,5.26171875,-5.6953125
1745,5.2890625,-5.671875
1746,4.50390625,-4.73828125
1747,5.2421875,-5.6796875
1748,5.296875,-5.69921875
1749,5.1953125,-5.625
1750,5.234375,-5.66796875
1751,4.6875,-5.12890625
1752,5.10546875,-5.5546875
1753,5.1875,-5.5859375
1754,5.1328125,-5.546875
1755,1.9169921875,-2.033203125
1756,5.23828125,-5.70703125
1757,5.21484375,-5.625
1758,4.90625,-5.28125
1759,3.947265625,-4.3125
1760,4.515625,-4.79296875
1761,-3.515625,3.58203125
1762,4.83984375,-5.1015625
1763,5.13671875,-5.55078125
1764,5.21875,-5.6640625
1765,5.2734375,-5.66015625
1766,-3.5546875,3.625
1767,5.1875,-5.5390625
1768,5.19140625,-5.64453125
1769,2.16015625,-2.5390625
1770,5.27734375,-5.70703125
1771,4.0078125,-4.25390625
1772,5.27734375,-5.71875
1773,5.2109375,-5.63671875
1774,4.6875,-5.12890625
1775,4.77734375,-5.08203125
1776,2.77734375,-2.87109375
1777,1.6845703125,-1.9384765625
1778,5.22265625,-5.63671875
1779,5.171875,-5.58984375
1780,5.16796875,-5.59375
1781,5.25390625,-5.6953125
1782,5.02734375,-5.41015625
1783,5.06640625,-5.48046875
1784,4.69140625,-4.9765625
1785,5.21875,-5.609375
1786,5.1640625,-5.6328125
1787,5.08203125,-5.54296875
1788,5.2109375,-5.640625
1789,5.26171875,-5.7109375
1790,5.2265625,-5.6484375
1791,5.13671875,-5.5390625
1792,4.47265625,-4.80078125
1793,4.04296875,-4.40625
1794,4.4296875,-4.8046875
1795,5.0,-5.3828125
1796,5.26953125,-5.671875
1797,5.2265625,-5.6953125
1798,5.1328125,-5.6015625
1799,5.26953125,-5.71875
1800,4.19140625,-4.60546875
1801,5.1484375,-5.59375
1802,4.953125,-5.31640625
1803,3.49609375,-3.794921875
1804,5.23828125,-5.671875
1805,4.98828125,-5.359375
1806,5.04296875,-5.4375
1807,5.2265625,-5.625
1808,5.0703125,-5.5625
1809,5.2578125,-5.73046875
1810,5.1796875,-5.61328125
1811,5.26171875,-5.71484375
1812,5.2890625,-5.6953125
1813,5.1875,-5.6484375
1814,5.23046875,-5.640625
1815,4.9453125,-5.34765625
1816,5.234375,-5.609375
1817,5.05859375,-5.484375
1818,-2.583984375,2.7265625
1819,5.03125,-5.3515625
1820,5.03515625,-5.40234375
1821,5.25,-5.69921875
1822,5.23046875,-5.625
1823,5.203125,-5.625
1824,5.15234375,-5.609375
1825,3.6328125,-4.0546875
1826,4.70703125,-5.1328125
1827,5.2421875,-5.64453125
1828,5.22265625,-5.703125
1829,5.2109375,-5.6171875
1830,-2.294921875,2.357421875
1831,5.22265625,-5.66015625
1832,5.2421875,-5.66796875
1833,5.1796875,-5.53515625
1834,5.30078125,-5.703125
1835,5.2578125,-5.62890625
1836,5.26171875,-5.71484375
1837,5.2578125,-5.66796875
1838,4.453125,-4.78125
1839,5.265625,-5.66796875
1840,5.2265625,-5.6640625
1841,5.1640625,-5.59375
1842,5.26171875,-5.703125
1843,5.28125,-5.7109375
1844,5.15625,-5.59375
1845,5.2109375,-5.6484375
1846,5.1796875,-5.6171875
1847,5.28125,-5.70703125
1848,-2.494140625,2.5546875
1849,5.22265625,-5.640625
1850,5.19140625,-5.5703125
1851,5.1796875,-5.6015625
1852,-3.548828125,3.625
1853,5.22265625,-5.66796875
1854,5.234375,-5.65625
1855,5.2265625,-5.65625
1856,5.26953125,-5.66015625
1857,5.0546875,-5.3984375
1858,5.2265625,-5.6484375
1859,5.09375,-5.48828125
1860,5.1953125,-5.62890625
1861,5.26171875,-5.6875
1862,5.24609375,-5.69140625
1863,5.18359375,-5.64453125
1864,5.1796875,-5.6328125
1865,-1.3857421875,1.1904296875
1866,5.23046875,-5.65625
1867,5.1328125,-5.55859375
1868,3.271484375,-3.73046875
1869,5.27734375,-5.65625
1870,5.2734375,-5.63671875
1871,4.3359375,-4.671875
1872,5.2890625,-5.76171875
1873,5.12890625,-5.5390625
1874,-3.572265625,3.6640625
1875,5.27734375,-5.75
1876,4.921875,-5.36328125
1877,5.27734375,-5.70703125
1878,5.28515625,-5.734375
1879,5.23828125,-5.65234375
1880,5.25,-5.671875
1881,5.01171875,-5.390625
1882,5.3046875,-5.7421875
1883,5.2421875,-5.703125
1884,5.234375,-5.6328125
1885,5.28515625,-5.63671875
1886,5.01953125,-5.44921875
1887,5.171875,-5.58984375
1888,5.14453125,-5.5390625
1889,4.26953125,-4.75
1890,5.27734375,-5.71875
1891,5.2734375,-5.640625
1892,5.234375,-5.61328125
1893,5.1796875,-5.64453125
1894,5.26171875,-5.72265625
1895,5.2734375,-5.6953125
1896,4.82421875,-5.19921875
1897,5.2109375,-5.56640625
1898,5.16796875,-5.640625
1899,5.28515625,-5.69921875
1900,4.6640625,-5.0625
1901,5.2578125,-5.69921875
1902,-3.57421875,3.64453125
1903,4.8203125,-5.26953125
1904,5.09375,-5.40234375
1905,5.28125,-5.6875
1906,5.17578125,-5.60546875
1907,5.26953125,-5.65625
1908,5.14453125,-5.5625
1909,5.1953125,-5.60546875
1910,3.853515625,-4.09375
1911,5.24609375,-5.625
1912,5.02734375,-5.359375
1913,5.203125,-5.60546875
1914,5.28515625,-5.734375
1915,-3.392578125,3.490234375
1916,-3.46875,3.525390625
1917,5.15625,-5.6015625
1918,4.70703125,-5.1328125
1919,5.22265625,-5.67578125
1920,5.265625,-5.69921875
1921,5.12890625,-5.546875
1922,5.2578125,-5.703125
1923,5.17578125,-5.59765625
1924,5.2578125,-5.6875
1925,5.27734375,-5.6875
1926,-3.640625,3.708984375
1927,5.234375,-5.69140625
1928,5.20703125,-5.6328125
1929,5.1953125,-5.640625
1930,5.2578125,-5.69140625
1931,5.21484375,-5.6875
1932,5.2890625,-5.71875
1933,5.140625,-5.50390625
1934,5.2890625,-5.71484375
1935,5.29296875,-5.6875
1936,5.1328125,-5.5234375
1937,5.25390625,-5.7265625
1938,5.18359375,-5.62890625
1939,5.2890625,-5.71484375
1940,5.22265625,-5.6953125
1941,5.140625,-5.5703125
1942,4.98828125,-5.375
1943,3.615234375,-3.98046875
1944,5.27734375,-5.73828125
1945,5.1796875,-5.6171875
1946,5.3125,-5.71484375
1947,5.12890625,-5.55859375
1948,5.2734375,-5.671875
1949,5.08984375,-5.55859375
1950,5.24609375,-5.640625
1951,5.2265625,-5.64453125
1952,5.23828125,-5.6640625
1953,5.21484375,-5.60546875
1954,5.2734375,-5.67578125
1955,5.26171875,-5.71875
1956,5.12109375,-5.5078125
1957,5.25390625,-5.578125
1958,3.537109375,-3.806640625
1959,5.0859375,-5.421875
1960,5.2421875,-5.65625
1961,5.03515625,-5.37890625
1962,5.265625,-5.7109375
1963,5.1875,-5.60546875
1964,5.23046875,-5.6328125
1965,5.16015625,-5.59375
1966,5.26953125,-5.69140625
1967,5.16796875,-5.6328125
1968,5.16015625,-5.625
1969,4.5078125,-4.78125
1970,4.7421875,-5.16015625
1971,5.2265625,-5.671875
1972,5.22265625,-5.6015625
1973,5.26953125,-5.7109375
1974,5.09765625,-5.5078125
1975,5.28515625,-5.70703125
1976,5.28125,-5.6953125
1977,5.13671875,-5.578125
1978,5.30078125,-5.734375
1979,5.25390625,-5.703125
1980,5.24609375,-5.71875
1981,5.015625,-5.390625
1982,1.1435546875,-1.2314453125
1983,-1.2021484375,1.0517578125
1984,5.07421875,-5.453125
1985,5.203125,-5.6171875
1986,4.609375,-4.99609375
1987,5.234375,-5.64453125
1988,4.53515625,-4.91015625
1989,4.96875,-5.38671875
1990,5.21484375,-5.671875
1991,5.26953125,-5.671875
1992,5.23828125,-5.6796875
1993,-3.06640625,3.15625
1994,5.19140625,-5.6015625
1995,5.19921875,-5.58984375
1996,5.203125,-5.58203125
1997,5.16796875,-5.57421875
1998,5.1640625,-5.609375
1999,-3.478515625,3.55859375
2000,5.296875,-5.7265625
2001,5.1796875,-5.578125
2002,5.17578125,-5.5625
2003,-2.880859375,2.923828125
2004,4.96875,-5.3828125
2005,5.1484375,-5.60546875
2006,5.28515625,-5.703125
2007,5.25390625,-5.6328125
2008,4.87109375,-5.25390625
2009,5.23828125,-5.625
2010,5.30078125,-5.70703125
2011,5.2109375,-5.61328125
2012,5.22265625,-5.62890625
2013,-3.142578125,3.255859375
2014,5.24609375,-5.6484375
2015,5.1640625,-5.578125
2016,5.171875,-5.5625
2017,4.8125,-5.1640625
2018,5.1953125,-5.5859375
2019,5.29296875,-5.69921875
2020,5.140625,-5.55859375
2021,5.26953125,-5.73828125
2022,-3.31640625,3.400390625
2023,5.234375,-5.65234375
2024,5.21875,-5.6328125
2025,5.2890625,-5.69140625
2026,5.27734375,-5.734375
2027,5.1875,-5.6328125
2028,5.2421875,-5.703125
2029,5.1640625,-5.6328125
2030,5.30078125,-5.70703125
2031,4.93359375,-5.36328125
2032,5.02734375,-5.3984375
2033,3.88671875,-4.26953125
2034,5.2890625,-5.71875
2035,5.125,-5.5078125
2036,5.171875,-5.578125
2037,5.23828125,-5.640625
2038,5.1484375,-5.59375
2039,5.2421875,-5.6171875
2040,5.2265625,-5.625
2041,5.1875,-5.57421875
2042,5.2734375,-5.67578125
2043,5.09375,-5.421875
2044,5.26953125,-5.64453125
2045,-3.564453125,3.63671875
2046,5.2109375,-5.62109375
2047,4.9765625,-5.390625
2048,5.30078125,-5.73046875
2049,5.1640625,-5.609375
2050,5.22265625,-5.625
2051,5.2890625,-5.71484375
2052,5.046875,-5.51171875
2053,4.8671875,-5.28515625
2054,5.2421875,-5.6484375
2055,5.01953125,-5.41015625
2056,5.28515625,-5.71484375
2057,5.25,-5.6875
2058,5.046875,-5.546875
2059,5.29296875,-5.70703125
2060,4.5859375,-4.8984375
2061,5.1796875,-5.5859375
2062,5.22265625,-5.63671875
2063,4.83203125,-5.14453125
2064,5.1484375,-5.578125
2065,4.765625,-5.15625
2066,5.296875,-5.72265625
2067,5.1796875,-5.64453125
2068,4.8828125,-5.3125
2069,5.16015625,-5.5390625
2070,4.8203125,-5.203125
2071,4.11328125,-4.453125
2072,5.203125,-5.6015625
2073,5.30078125,-5.67578125
2074,3.40625,-3.822265625
2075,5.30078125,-5.69921875
2076,5.0625,-5.5
2077,5.1171875,-5.58984375
2078,5.24609375,-5.66796875
2079,5.28125,-5.73046875
2080,5.265625,-5.6796875
2081,5.2421875,-5.6484375
2082,5.203125,-5.671875
2083,5.265625,-5.7109375
2084,5.23828125,-5.6328125
2085,5.20703125,-5.56640625
2086,4.515625,-4.89453125
2087,5.2734375,-5.69140625
2088,5.265625,-5.67578125
2089,5.22265625,-5.65234375
2090,5.11328125,-5.6171875
2091,-3.564453125,3.638671875
2092,5.26171875,-5.640625
2093,5.25,-5.72265625
2094,5.16015625,-5.4609375
2095,5.23046875,-5.5859375
2096,5.28125,-5.7578125
2097,5.2890625,-5.73828125
2098,4.359375,-4.69140625
2099,5.26171875,-5.640625
2100,4.70703125,-5.1328125
2101,5.19921875,-5.63671875
2102,3.095703125,-3.29296875
2103,5.2578125,-5.67578125
2104,5.22265625,-5.6640625
2105,5.23828125,-5.65625
2106,5.08984375,-5.49609375
2107,5.21484375,-5.671875
2108,5.30859375,-5.7421875
2109,4.51953125,-4.96484375
2110,2.76953125,-3.193359375
2111,3.947265625,-4.3125
2112,5.1328125,-5.53125
2113,5.2734375,-5.70703125
2114,4.7421875,-5.20703125
2115,5.234375,-5.66796875
2116,5.1875,-5.625
2117,5.21484375,-5.64453125
2118,5.3046875,-5.73046875
2119,5.22265625,-5.6171875
2120,5.2265625,-5.66796875
2121,5.21875,-5.6171875
2122,5.125,-5.61328125
2123,2.060546875,-2.44140625
2124,4.8203125,-5.203125
2125,3.00390625,-3.140625
2126,5.09765625,-5.4453125
2127,-2.88671875,2.974609375
2128,5.109375,-5.58203125
2129,5.2265625,-5.6640625
2130,5.1484375,-5.53125
2131,5.2578125,-5.703125
2132,5.25,-5.6875
2133,5.2578125,-5.6796875
2134,5.16796875,-5.5546875
2135,5.23046875,-5.65625
2136,1.9248046875,-2.279296875
2137,5.171875,-5.6015625
2138,5.21875,-5.6796875
2139,5.29296875,-5.703125
2140,5.296875,-5.671875
2141,-3.619140625,3.689453125
2142,5.171875,-5.59765625
2143,5.16796875,-5.58984375
2144,5.23828125,-5.6796875
2145,5.19140625,-5.640625
2146,4.92578125,-5.23828125
2147,5.25,-5.71875
2148,5.22265625,-5.62890625
2149,5.1953125,-5.6171875
2150,5.13671875,-5.6015625
2151,5.20703125,-5.62109375
2152,5.20703125,-5.5703125
2153,5.2265625,-5.62109375
2154,-2.802734375,2.81640625
2155,5.22265625,-5.6328125
2156,5.23046875,-5.66015625
2157,5.2421875,-5.5859375
2158,4.77734375,-5.1796875
2159,5.14453125,-5.61328125
2160,5.2890625,-5.6640625
2161,4.625,-4.9765625
2162,4.86328125,-5.265625
2163,5.1640625,-5.58203125
2164,5.078125,-5.484375
2165,5.06640625,-5.50390625
2166,-3.408203125,3.484375
2167,5.25,-5.7109375
2168,4.20703125,-4.60546875
2169,5.2734375,-5.76953125
2170,5.19140625,-5.59765625
2171,5.00390625,-5.37109375
2172,5.109375,-5.5078125
2173,4.3203125,-4.66796875
2174,5.29296875,-5.73828125
2175,5.21875,-5.66015625
2176,4.98828125,-5.4375
2177,1.2587890625,-1.5986328125
2178,5.28125,-5.69140625
2179,4.80859375,-5.265625
2180,5.1796875,-5.640625
2181,4.9140625,-5.3125
2182,5.29296875,-5.7109375
2183,-3.109375,3.193359375
2184,4.88671875,-5.2890625
2185,5.2421875,-5.6171875
2186,5.20703125,-5.65234375
2187,5.29296875,-5.734375
2188,4.45703125,-4.87890625
2189,5.06640625,-5.51171875
2190,5.2890625,-5.6953125
2191,-3.626953125,3.708984375
2192,5.21484375,-5.6328125
2193,5.21484375,-5.6796875
2194,5.16796875,-5.5625
2195,4.609375,-5.01953125
2196,4.67578125,-5.109375
2197,5.1796875,-5.55078125
2198,5.1328125,-5.5390625
2199,4.47265625,-4.8203125
2200,-3.47265625,3.54296875
2201,5.2734375,-5.69921875
2202,4.7421875,-5.0390625
2203,5.22265625,-5.63671875
2204,5.29296875,-5.72265625
2205,-3.537109375,3.640625
2206,5.16796875,-5.5546875
2207,5.22265625,-5.62890625
2208,5.1796875,-5.55859375
2209,5.203125,-5.6328125
2210,5.26171875,-5.6328125
2211,5.296875,-5.734375
2212,5.16015625,-5.515625
2213,5.16015625,-5.5546875
2214,5.265625,-5.6640625
2215,5.2109375,-5.66796875
2216,5.16796875,-5.58203125
2217,5.203125,-5.6171875
2218,5.265625,-5.72265625
2219,-1.23828125,1.1064453125
2220,-3.541015625,3.6171875
2221,5.1953125,-5.65625
2222,5.15234375,-5.56640625
2223,5.22265625,-5.6640625
2224,5.28515625,-5.7265625
2225,-2.8046875,2.861328125
2226,5.16015625,-5.625
2227,4.8203125,-5.203125
2228,5.23046875,-5.70703125
2229,5.296875,-5.69921875
2230,5.2578125,-5.734375
2231,5.16796875,-5.6328125
2232,5.2890625,-5.69921875
2233,5.25390625,-5.65234375
2234,5.1953125,-5.609375
2235,5.23828125,-5.609375
2236,5.265625,-5.6953125
2237,-3.57421875,3.646484375
2238,5.2578125,-5.7421875
2239,5.26171875,-5.66796875
2240,5.20703125,-5.64453125
2241,4.8828125,-5.2421875
2242,5.29296875,-5.67578125
2243,5.28125,-5.72265625
2244,5.26171875,-5.6953125
2245,5.27734375,-5.69140625
2246,5.21484375,-5.68359375
2247,4.73828125,-4.9921875
2248,5.1953125,-5.625
2249,5.0703125,-5.46484375
2250,5.2734375,-5.69921875
2251,5.2265625,-5.640625
2252,4.91796875,-5.37109375
2253,4.8671875,-5.265625
2254,5.234375,-5.703125
2255,4.9765625,-5.42578125
2256,5.2578125,-5.73046875
2257,5.25390625,-5.65625
2258,5.19140625,-5.64453125
2259,5.06640625,-5.47265625
2260,-3.53125,3.603515625
2261,5.2890625,-5.71875
2262,5.14453125,-5.58984375
2263,5.2109375,-5.5859375
2264,3.033203125,-3.23828125
2265,5.2421875,-5.625
2266,5.1640625,-5.58203125
2267,5.234375,-5.61328125
2268,4.55859375,-4.921875
2269,5.24609375,-5.6640625
2270,5.0859375,-5.51171875
2271,5.140625,-5.55078125
2272,-2.279296875,2.37890625
2273,5.2109375,-5.6328125
2274,4.91015625,-5.16015625
2275,-3.626953125,3.701171875
2276,5.19921875,-5.625
2277,5.234375,-5.65234375
2278,4.6875,-5.12890625
2279,5.27734375,-5.69921875
2280,5.1796875,-5.6015625
2281,5.27734375,-5.6953125
2282,5.19140625,-5.5546875
2283,5.2421875,-5.671875
2284,5.2734375,-5.6953125
2285,5.23046875,-5.65625
2286,5.171875,-5.55078125
2287,5.21875,-5.640625
2288,5.01171875,-5.4375
2289,5.265625,-5.6796875
2290,5.0859375,-5.48828125
2291,5.2421875,-5.6328125
2292,5.21875,-5.62109375
2293,5.17578125,-5.671875
2294,-2.4921875,2.4765625
2295,5.24609375,-5.62890625
2296,5.08203125,-5.5234375
2297,5.25,-5.6328125
2298,5.26953125,-5.68359375
2299,5.2578125,-5.68359375
2300,5.12109375,-5.56640625
2301,5.02734375,-5.37890625
2302,5.28125,-5.73828125
2303,5.03125,-5.3125
2304,4.921875,-5.28515625
2305,5.2109375,-5.6484375
2306,5.15625,-5.578125
2307,4.67578125,-4.96875
2308,5.296875,-5.7421875
2309,5.03515625,-5.47265625
2310,5.234375,-5.66015625
2311,5.16796875,-5.62109375
2312,5.26171875,-5.6484375
2313,5.25,-5.71875
2314,5.2734375,-5.66796875
2315,5.2421875,-5.625
2316,4.30859375,-4.73046875
2317,5.046875,-5.453125
2318,5.2734375,-5.6953125
2319,-3.5,3.564453125
2320,5.2421875,-5.6875
2321,5.109375,-5.51953125
2322,-3.525390625,3.595703125
2323,5.11328125,-5.5546875
2324,5.2890625,-5.69921875
2325,5.2421875,-5.6875
2326,5.25390625,-5.69140625
2327,5.25,-5.68359375
2328,-3.484375,3.552734375
2329,5.25,-5.72265625
2330,5.234375,-5.640625
2331,5.0234375,-5.4609375
2332,5.18359375,-5.625
2333,5.0625,-5.5234375
2334,5.19921875,-5.58984375
2335,5.20703125,-5.69140625
2336,5.08203125,-5.5078125
2337,5.21484375,-5.609375
2338,5.234375,-5.703125
2339,5.265625,-5.6875
2340,-3.53515625,3.59765625
2341,5.203125,-5.62890625
2342,-3.23828125,3.3203125
2343,5.23046875,-5.65625
2344,5.2421875,-5.73046875
2345,5.22265625,-5.66015625
2346,5.078125,-5.5
2347,5.1640625,-5.59375
2348,5.2890625,-5.671875
2349,5.296875,-5.70703125
2350,5.2734375,-5.6796875
2351,5.203125,-5.6640625
2352,5.26953125,-5.6796875
2353,5.140625,-5.5546875
2354,4.8515625,-5.22265625
2355,5.28515625,-5.72265625
2356,5.03125,-5.41015625
2357,5.14453125,-5.609375
2358,5.16796875,-5.56640625
2359,5.10546875,-5.54296875
2360,5.2578125,-5.69140625
2361,5.22265625,-5.625
2362,5.0703125,-5.53515625
2363,5.23828125,-5.6875
2364,5.21484375,-5.640625
2365,5.0234375,-5.4296875
2366,4.81640625,-5.1640625
2367,5.02734375,-5.38671875
2368,5.21875,-5.59375
2369,5.2734375,-5.69921875
2370,5.1484375,-5.640625
2371,5.28515625,-5.6484375
2372,5.2734375,-5.66796875
2373,-2.85546875,2.94921875
2374,5.2109375,-5.57421875
2375,3.748046875,-4.1640625
2376,5.2734375,-5.69140625
2377,5.1953125,-5.61328125
2378,5.2578125,-5.703125
2379,5.05859375,-5.37890625
2380,5.22265625,-5.609375
2381,5.109375,-5.51953125
2382,5.21484375,-5.6171875
2383,4.49609375,-4.8984375
2384,5.23828125,-5.703125
2385,5.21484375,-5.625
2386,2.638671875,-2.97265625
2387,5.27734375,-5.70703125
2388,5.27734375,-5.6640625
2389,5.25,-5.6484375
2390,5.203125,-5.62890625
2391,5.1015625,-5.58203125
2392,-1.427734375,1.373046875
2393,5.17578125,-5.5859375
2394,5.2421875,-5.671875
2395,4.8203125,-5.203125
2396,5.1875,-5.54296875
2397,4.44921875,-4.8671875
2398,5.19921875,-5.5859375
2399,5.2421875,-5.6640625
2400,-1.5830078125,1.568359375
2401,4.88671875,-5.2734375
2402,5.1171875,-5.515625
2403,5.234375,-5.66796875
2404,4.8046875,-5.1796875
2405,5.2265625,-5.64453125
2406,5.16796875,-5.546875
2407,5.265625,-5.6171875
2408,5.19921875,-5.60546875
2409,5.2578125,-5.734375
2410,4.04296875,-4.296875
2411,5.1015625,-5.50390625
2412,4.86328125,-5.1953125
2413,5.25390625,-5.6953125
2414,-3.568359375,3.6484375
2415,5.203125,-5.58984375
2416,-3.41015625,3.53515625
2417,5.2578125,-5.6484375
2418,5.296875,-5.6953125
2419,2.11328125,-2.447265625
2420,5.16796875,-5.59375
2421,5.203125,-5.65625
2422,5.2734375,-5.62890625
2423,5.265625,-5.640625
2424,5.1484375,-5.59375
2425,-3.39453125,3.505859375
2426,-0.52880859375,0.572265625
2427,5.12890625,-5.59375
2428,5.21875,-5.55859375
2429,5.25390625,-5.6640625
2430,5.16015625,-5.6328125
2431,5.1875,-5.625
2432,5.26953125,-5.67578125
2433,5.15625,-5.60546875
2434,5.22265625,-5.6953125
2435,2.39453125,-2.732421875
2436,-3.474609375,3.583984375
2437,5.23828125,-5.6640625
2438,5.2421875,-5.71484375
2439,5.25390625,-5.70703125
2440,5.171875,-5.56640625
2441,5.265625,-5.6875
2442,5.27734375,-5.64453125
2443,5.10546875,-5.48046875
2444,4.9453125,-5.33984375
2445,5.23046875,-5.62890625
2446,5.125,-5.55078125
2447,5.26171875,-5.7109375
2448,5.1796875,-5.57421875
2449,5.25390625,-5.671875
2450,5.13671875,-5.59375
2451,-3.470703125,3.548828125
2452,5.28125,-5.6953125
2453,5.234375,-5.640625
2454,5.24609375,-5.65234375
2455,-3.49609375,3.58203125
2456,5.265625,-5.71875
2457,5.265625,-5.65234375
2458,5.125,-5.578125
2459,5.2890625,-5.7109375
2460,5.24609375,-5.62890625
2461,5.08203125,-5.50390625
2462,4.9609375,-5.41796875
2463,-1.876953125,1.845703125
2464,5.296875,-5.7265625
2465,5.23828125,-5.6328125
2466,4.99609375,-5.4140625
2467,5.265625,-5.671875
2468,4.828125,-5.1640625
2469,5.07421875,-5.546875
2470,5.2890625,-5.6796875
2471,5.23828125,-5.6796875
2472,5.21484375,-5.68359375
2473,5.24609375,-5.6484375
2474,5.19921875,-5.625
2475,5.21484375,-5.65234375
2476,5.29296875,-5.72265625
2477,5.0625,-5.453125
2478,5.2265625,-5.63671875
2479,1.9248046875,-2.279296875
2480,5.2265625,-5.63671875
2481,5.19140625,-5.59375
2482,5.265625,-5.64453125
2483,5.26171875,-5.6640625
2484,5.171875,-5.58203125
2485,-3.63671875,3.71484375
2486,5.07421875,-5.50390625
2487,5.14453125,-5.53125
2488,-3.498046875,3.587890625
2489,5.26953125,-5.6953125
2490,-3.216796875,3.326171875
2491,5.1953125,-5.58203125
2492,-3.462890625,3.54296875
2493,5.28125,-5.73046875
2494,4.640625,-5.0703125
2495,5.2890625,-5.63671875
2496,5.2734375,-5.68359375
2497,-0.9404296875,0.931640625
2498,-3.48828125,3.56640625
2499,5.11328125,-5.53515625
2500,5.2578125,-5.72265625
2501,5.21484375,-5.67578125
2502,5.2421875,-5.6640625
2503,-3.6015625,3.681640625
2504,5.25,-5.65625
2505,5.26953125,-5.7109375
2506,5.046875,-5.453125
2507,5.25390625,-5.65625
2508,5.26953125,-5.65625
2509,5.265625,-5.703125
2510,5.2265625,-5.69921875
2511,5.1875,-5.5703125
2512,2.638671875,-2.97265625
2513,5.16796875,-5.578125
2514,5.23046875,-5.6484375
2515,5.1640625,-5.6328125
2516,5.1953125,-5.66015625
2517,-2.6953125,2.76171875
2518,-2.87109375,2.998046875
2519,5.20703125,-5.578125
2520,5.20703125,-5.6171875
2521,5.265625,-5.71875
2522,5.1796875,-5.55859375
2523,5.25390625,-5.69140625
2524,3.205078125,-3.541015625
2525,-3.54296875,3.62890625
2526,5.234375,-5.578125
2527,5.26953125,-5.6953125
2528,5.2578125,-5.66015625
2529,1.3076171875,-1.509765625
2530,5.2421875,-5.671875
2531,5.19140625,-5.5703125
2532,3.421875,-3.71484375
2533,5.1796875,-5.6171875
2534,-2.748046875,2.765625
2535,5.21875,-5.62109375
2536,5.23828125,-5.5703125
2537,-3.6328125,3.703125
2538,5.2734375,-5.6796875
2539,5.078125,-5.5078125
2540,5.265625,-5.6796875
2541,5.1796875,-5.64453125
2542,5.21875,-5.61328125
2543,2.39453125,-2.732421875
2544,5.08203125,-5.47265625
2545,4.97265625,-5.3125
2546,5.2421875,-5.69921875
2547,3.947265625,-4.3125
2548,4.96484375,-5.34375
2549,5.1171875,-5.55859375
2550,-3.6015625,3.671875
2551,5.296875,-5.68359375
2552,5.09375,-5.48828125
2553,4.953125,-5.359375
2554,4.65625,-5.12890625
2555,5.23828125,-5.62109375
2556,-3.4296875,3.498046875
2557,5.28125,-5.703125
2558,5.20703125,-5.640625
2559,5.28515625,-5.69921875
2560,4.78515625,-5.25390625
2561,5.2421875,-5.640625
2562,4.9140625,-5.27734375
2563,-2.798828125,2.96875
2564,5.203125,-5.6171875
2565,5.20703125,-5.59375
2566,5.2421875,-5.6796875
2567,5.21484375,-5.609375
2568,1.9248046875,-2.279296875
2569,4.28125,-4.75
2570,5.2109375,-5.65625
2571,5.12109375,-5.546875
2572,5.234375,-5.6484375
2573,4.6640625,-5.0625
2574,5.12890625,-5.53125
2575,5.2109375,-5.625
2576,5.2734375,-5.67578125
2577,5.23828125,-5.703125
2578,5.28125,-5.73828125
2579,5.23046875,-5.671875
2580,5.25390625,-5.63671875
2581,5.203125,-5.6171875
2582,5.1953125,-5.578125
2583,4.94921875,-5.390625
2584,-3.61328125,3.6875
2585,4.59375,-4.98828125
2586,4.82421875,-5.28125
2587,5.1796875,-5.6015625
2588,5.2890625,-5.7109375
2589,3.947265625,-4.3125
2590,5.203125,-5.60546875
2591,3.44921875,-3.810546875
2592,5.23046875,-5.7265625
2593,5.1796875,-5.6328125
2594,5.0390625,-5.515625
2595,5.203125,-5.63671875
2596,5.23828125,-5.6640625
2597,3.876953125,-4.14453125
2598,5.2734375,-5.73828125
2599,5.01953125,-5.45703125
2600,5.2578125,-5.6640625
2601,5.21484375,-5.68359375
2602,4.95703125,-5.359375
2603,5.2734375,-5.7265625
2604,5.0859375,-5.5390625
2605,5.26171875,-5.6875
2606,3.904296875,-4.1875
2607,4.3046875,-4.73046875
2608,5.0078125,-5.390625
2609,5.26953125,-5.68359375
2610,-2.541015625,2.603515625
2611,5.26953125,-5.6640625
2612,-3.384765625,3.48046875
2613,5.3125,-5.734375
2614,5.16796875,-5.58984375
2615,5.12890625,-5.5234375
2616,-3.62890625,3.705078125
2617,5.29296875,-5.6953125
2618,5.28125,-5.73046875
2619,-3.4765625,3.576171875
2620,5.265625,-5.671875
2621,5.234375,-5.671875
2622,5.24609375,-5.70703125
2623,4.91796875,-5.37890625
2624,5.171875,-5.5859375
2625,5.171875,-5.578125
2626,5.25390625,-5.6640625
2627,5.1796875,-5.55078125
2628,4.93359375,-5.3359375
2629,4.9765625,-5.40234375
2630,4.1484375,-4.57421875
2631,5.26953125,-5.69921875
2632,5.21484375,-5.6484375
2633,5.28515625,-5.6328125
2634,5.25,-5.66796875
2635,5.28515625,-5.70703125
2636,4.28125,-4.62890625
2637,4.8828125,-5.1953125
2638,4.8671875,-5.30078125
2639,5.12109375,-5.39453125
2640,5.2421875,-5.68359375
2641,5.29296875,-5.7265625
2642,5.3046875,-5.734375
2643,-2.90625,2.927734375
2644,5.23046875,-5.671875
2645,-3.5078125,3.56640625
2646,5.30078125,-5.70703125
2647,5.265625,-5.71875
2648,5.1640625,-5.58984375
2649,-3.0546875,3.06640625
2650,5.26953125,-5.7109375
2651,5.24609375,-5.69140625
2652,2.751953125,-3.08203125
2653,5.18359375,-5.56640625
2654,5.19140625,-5.6171875
2655,-3.205078125,3.3125
2656,5.23046875,-5.640625
2657,5.1953125,-5.671875
2658,4.8203125,-5.203125
2659,5.16796875,-5.57421875
2660,5.29296875,-5.70703125
2661,5.22265625,-5.6328125
2662,5.1328125,-5.5
2663,5.06640625,-5.5390625
2664,5.19140625,-5.64453125
2665,5.20703125,-5.61328125
2666,5.015625,-5.4140625
2667,5.24609375,-5.73046875
2668,4.6875,-5.12890625
2669,5.22265625,-5.64453125
2670,5.19921875,-5.625
2671,5.24609375,-5.62890625
2672,4.4375,-4.75390625
2673,5.15625,-5.640625
2674,5.19140625,-5.578125
2675,5.25,-5.6875
2676,5.23046875,-5.64453125
2677,5.24609375,-5.63671875
2678,5.26171875,-5.68359375
2679,5.1953125,-5.6171875
2680,4.5546875,-4.984375
2681,-3.5078125,3.591796875
2682,5.1640625,-5.59765625
2683,4.87109375,-5.265625
2684,5.2109375,-5.70703125
2685,-1.82421875,1.7421875
2686,5.24609375,-5.63671875
2687,5.234375,-5.6875
2688,1.9248046875,-2.279296875
2689,5.203125,-5.6171875
2690,4.44921875,-4.8671875
2691,5.09765625,-5.5625
2692,-3.228515625,3.3671875
2693,5.24609375,-5.62109375
2694,5.23828125,-5.6953125
2695,5.19921875,-5.58203125
2696,5.23828125,-5.67578125
2697,5.1640625,-5.53515625
2698,4.93359375,-5.3828125
2699,4.671875,-5.01171875
2700,5.25,-5.65625
2701,5.2578125,-5.73828125
2702,5.3046875,-5.6875
2703,4.6953125,-5.15625
2704,5.078125,-5.50390625
2705,5.30078125,-5.74609375
2706,5.05078125,-5.5
2707,1.0234375,-1.212890625
2708,5.2890625,-5.73046875
2709,5.29296875,-5.66796875
2710,-3.6171875,3.701171875
2711,5.23046875,-5.6484375
2712,4.74609375,-5.140625
2713,5.234375,-5.6015625
2714,5.1484375,-5.6015625
2715,5.23046875,-5.69140625
2716,5.26171875,-5.7109375
2717,4.84375,-5.25390625
2718,5.28515625,-5.70703125
2719,5.0859375,-5.48828125
2720,5.203125,-5.62890625
2721,5.1875,-5.55859375
2722,5.28125,-5.70703125
2723,-3.03125,3.10546875
2724,5.10546875,-5.49609375
2725,-3.529296875,3.609375
2726,5.078125,-5.46875
2727,5.23828125,-5.68359375
2728,5.15625,-5.61328125
2729,-3.537109375,3.6015625
2730,5.05859375,-5.48046875
2731,5.09375,-5.51171875
2732,5.09765625,-5.56640625
2733,5.234375,-5.66796875
2734,2.25,-2.638671875
2735,4.83203125,-5.23828125
2736,5.26171875,-5.71875
2737,5.234375,-5.609375
2738,-3.58203125,3.650390625
2739,4.5703125,-4.99609375
2740,5.3125,-5.7109375
2741,5.125,-5.54296875
2742,5.1875,-5.58203125
2743,4.49609375,-4.8984375
2744,5.23046875,-5.66796875
2745,4.1171875,-4.4140625
2746,-3.392578125,3.4921875
2747,5.24609375,-5.6953125
2748,3.59375,-3.962890625
2749,5.17578125,-5.609375
2750,5.2578125,-5.7109375
2751,4.4140625,-4.73828125
2752,5.1484375,-5.55859375
2753,5.21875,-5.6640625
2754,5.296875,-5.6953125
2755,4.59375,-5.0546875
2756,5.20703125,-5.63671875
2757,5.19140625,-5.63671875
2758,5.28515625,-5.6953125
2759,5.17578125,-5.58203125
2760,5.17578125,-5.578125
2761,4.9453125,-5.31640625
2762,5.2734375,-5.68359375
2763,5.2265625,-5.6328125
2764,5.1015625,-5.48828125
2765,5.2421875,-5.6640625
2766,5.16796875,-5.62109375
2767,5.21875,-5.68359375
2768,5.26953125,-5.671875
2769,5.2265625,-5.671875
2770,5.26953125,-5.6640625
2771,5.12890625,-5.578125
2772,5.2578125,-5.63671875
2773,5.1953125,-5.62890625
2774,5.26171875,-5.6875
2775,5.21875,-5.65234375
2776,5.296875,-5.6796875
2777,5.125,-5.59375
2778,5.046875,-5.38671875
2779,5.2890625,-5.71484375
2780,5.28125,-5.6953125
2781,5.1328125,-5.54296875
2782,4.9921875,-5.4140625
2783,5.28125,-5.72265625
2784,5.27734375,-5.71484375
2785,5.16015625,-5.5703125
2786,5.2578125,-5.71875
2787,5.26171875,-5.6640625
2788,5.25390625,-5.734375
2789,5.2578125,-5.671875
2790,5.14453125,-5.5859375
2791,5.2734375,-5.703125
2792,5.2421875,-5.6171875
2793,5.0234375,-5.35546875
2794,5.14453125,-5.51953125
2795,5.19140625,-5.625
2796,-3.26171875,3.341796875
2797,4.80078125,-5.19140625
2798,-3.306640625,3.4140625
2799,5.1640625,-5.6328125
2800,5.27734375,-5.71875
2801,5.04296875,-5.421875
2802,5.2109375,-5.640625
2803,5.0625,-5.46875
2804,5.2890625,-5.75
2805,5.26953125,-5.62890625
2806,5.0234375,-5.4453125
2807,5.1640625,-5.6328125
2808,1.888671875,-2.17578125
2809,5.07421875,-5.46875
2810,2.19921875,-2.537109375
2811,5.1171875,-5.55078125
2812,5.09765625,-5.48828125
2813,5.2734375,-5.65625
2814,5.078125,-5.44921875
2815,4.80859375,-5.1171875
2816,5.23828125,-5.66796875
2817,5.21484375,-5.65234375
2818,-2.64453125,2.689453125
2819,5.19921875,-5.6328125
2820,5.16015625,-5.609375
2821,5.2578125,-5.58203125
2822,5.28125,-5.65234375
2823,5.21484375,-5.6484375
2824,5.19140625,-5.64453125
2825,5.1953125,-5.61328125
2826,5.20703125,-5.60546875
2827,-3.640625,3.708984375
2828,4.78515625,-5.21484375
2829,5.1796875,-5.6015625
2830,5.19921875,-5.59375
2831,5.2734375,-5.7109375
2832,4.6015625,-5.0
2833,5.140625,-5.5703125
2834,5.234375,-5.65625
2835,5.1875,-5.6015625
2836,5.25,-5.72265625
2837,5.20703125,-5.66796875
2838,5.12890625,-5.51171875
2839,5.2265625,-5.65234375
2840,5.2890625,-5.69140625
2841,5.26171875,-5.66796875
2842,5.14453125,-5.53515625
2843,5.2265625,-5.640625
2844,5.2890625,-5.703125
2845,5.23828125,-5.6015625
2846,5.1328125,-5.546875
2847,5.20703125,-5.6484375
2848,5.2578125,-5.68359375
2849,5.22265625,-5.61328125
2850,5.19921875,-5.62109375
2851,5.2578125,-5.6875
2852,5.2421875,-5.65234375
2853,5.19140625,-5.6015625
2854,5.26953125,-5.71875
2855,5.24609375,-5.62109375
2856,-3.603515625,3.681640625
2857,5.15625,-5.546875
2858,5.30078125,-5.66015625
2859,5.234375,-5.6171875
2860,-3.109375,3.228515625
2861,5.1953125,-5.58984375
2862,5.26953125,-5.70703125
2863,5.16796875,-5.5859375
2864,5.19921875,-5.5546875
2865,5.19140625,-5.64453125
2866,5.2109375,-5.671875
2867,5.203125,-5.59375
2868,-3.52734375,3.6015625
2869,5.27734375,-5.69140625
2870,5.2578125,-5.68359375
2871,4.8203125,-5.203125
2872,3.94140625,-4.3515625
2873,5.20703125,-5.58984375
2874,-3.30859375,3.423828125
2875,5.2890625,-5.7578125
2876,5.27734375,-5.71875
2877,5.23046875,-5.65625
2878,2.94921875,-3.220703125
2879,5.1875,-5.6640625
2880,5.24609375,-5.6796875
2881,5.18359375,-5.609375
2882,5.19140625,-5.609375
2883,5.23828125,-5.65625
2884,5.203125,-5.62109375
2885,4.8984375,-5.1953125
2886,-3.451171875,3.541015625
2887,5.29296875,-5.703125
2888,5.2734375,-5.70703125
2889,5.296875,-5.6953125
2890,5.2734375,-5.7109375
2891,5.21875,-5.64453125
2892,5.2421875,-5.65625
2893,5.25,-5.67578125
2894,5.22265625,-5.57421875
2895,5.265625,-5.65625
2896,5.203125,-5.6484375
2897,5.0390625,-5.48828125
2898,5.16796875,-5.48828125
2899,4.34375,-4.671875
2900,5.109375,-5.44140625
2901,4.96875,-5.40625
2902,5.234375,-5.64453125
2903,2.34765625,-2.724609375
2904,5.25,-5.66796875
2905,4.78125,-5.09765625
2906,5.1796875,-5.62109375
2907,5.17578125,-5.58203125
2908,3.51171875,-3.857421875
2909,5.2109375,-5.6015625
2910,-3.349609375,3.412109375
2911,-2.4296875,2.529296875
2912,5.24609375,-5.6796875
2913,3.498046875,-3.791015625
2914,5.1484375,-5.5625
2915,5.12109375,-5.56640625
2916,5.1875,-5.64453125
2917,5.265625,-5.71875
2918,4.9140625,-5.33203125
2919,5.0859375,-5.50390625
2920,5.11328125,-5.51171875
2921,5.19921875,-5.62890625
2922,5.265625,-5.66796875
2923,5.234375,-5.671875
2924,5.26953125,-5.6796875
2925,4.9296875,-5.22265625
2926,5.21484375,-5.609375
2927,5.2578125,-5.66015625
2928,5.1484375,-5.5625
2929,-3.572265625,3.650390625
2930,5.2578125,-5.734375
2931,5.1875,-5.58984375
2932,5.125,-5.54296875
2933,5.078125,-5.4453125
2934,5.2734375,-5.73046875
2935,4.578125,-5.0234375
2936,-3.609375,3.67578125
2937,5.1875,-5.59765625
2938,5.25390625,-5.640625
2939,5.26171875,-5.65625
2940,5.28515625,-5.7421875
2941,5.046875,-5.51171875
2942,5.234375,-5.65625
2943,5.171875,-5.59765625
2944,5.12890625,-5.546875
2945,5.05078125,-5.52734375
2946,5.2578125,-5.70703125
2947,4.98046875,-5.375
2948,5.23046875,-5.68359375
2949,4.671875,-5.05859375
2950,5.15234375,-5.5703125
2951,5.2265625,-5.64453125
2952,5.16796875,-5.6328125
2953,5.1640625,-5.6015625
2954,5.20703125,-5.66015625
2955,4.90234375,-5.30859375
2956,4.28125,-4.5546875
2957,5.21875,-5.69140625
2958,4.8984375,-5.30859375
2959,5.24609375,-5.6640625
2960,5.21484375,-5.6484375
2961,5.21484375,-5.609375
2962,5.171875,-5.625
2963,5.25,-5.671875
2964,5.26953125,-5.69921875
2965,5.140625,-5.50390625
2966,5.20703125,-5.640625
2967,5.23828125,-5.6328125
2968,4.96875,-5.41015625
2969,5.09375,-5.48828125
2970,5.203125,-5.60546875
2971,5.28125,-5.69921875
2972,5.28515625,-5.6875
2973,4.6875,-5.05078125
2974,5.23828125,-5.6171875
2975,5.1484375,-5.578125
2976,5.25,-5.6015625
2977,5.21875,-5.6328125
2978,4.7734375,-5.23828125
2979,5.28125,-5.7421875
2980,4.5,-4.81640625
2981,5.2109375,-5.6796875
2982,4.58984375,-4.9375
2983,5.26171875,-5.7109375
2984,-3.529296875,3.6015625
2985,5.234375,-5.671875
2986,5.265625,-5.67578125
2987,5.19921875,-5.59375
2988,5.28125,-5.703125
2989,5.20703125,-5.6640625
2990,5.21875,-5.6171875
2991,-2.369140625,2.30078125
2992,5.203125,-5.640625
2993,5.19140625,-5.62890625
2994,5.2890625,-5.68359375
2995,5.1875,-5.609375
2996,5.2578125,-5.6640625
2997,4.57421875,-4.96484375
2998,5.2421875,-5.65625
2999,4.9921875,-5.34375
3000,5.1953125,-5.62109375
3001,5.25390625,-5.7109375
3002,5.265625,-5.6640625
3003,5.11328125,-5.546875
3004,4.60546875,-4.98828125
3005,5.26171875,-5.73046875
3006,5.28515625,-5.6875
3007,5.125,-5.578125
3008,5.265625,-5.609375
3009,5.046875,-5.484375
3010,5.0625,-5.4765625
3011,4.859375,-5.29296875
3012,5.26953125,-5.73046875
3013,5.2421875,-5.62890625
3014,5.234375,-5.7109375
3015,5.265625,-5.75390625
3016,-3.34375,3.4296875
3017,5.0234375,-5.39453125
3018,5.078125,-5.38671875
3019,5.19140625,-5.6171875
3020,4.9453125,-5.36328125
3021,-2.708984375,2.849609375
3022,4.80859375,-5.2578125
3023,5.25390625,-5.6640625
3024,5.09765625,-5.53515625
3025,5.25390625,-5.6484375
3026,5.23828125,-5.6484375
3027,5.18359375,-5.54296875
3028,5.1640625,-5.625
3029,4.8046875,-5.12890625
3030,5.19140625,-5.625
3031,5.2578125,-5.65625
3032,5.11328125,-5.5390625
3033,5.12109375,-5.52734375
3034,5.26171875,-5.65234375
3035,5.1953125,-5.66015625
3036,5.24609375,-5.62890625
3037,4.39453125,-4.8359375
3038,5.12890625,-5.5703125
3039,5.23046875,-5.66015625
3040,5.1953125,-5.60546875
3041,5.16015625,-5.5625
3042,4.6875,-5.12890625
3043,5.26953125,-5.66015625
3044,5.23046875,-5.65625
3045,5.23828125,-5.6640625
3046,5.18359375,-5.58203125
3047,5.0,-5.47265625
3048,5.30859375,-5.76171875
3049,5.27734375,-5.71484375
3050,5.171875,-5.58203125
3051,5.26171875,-5.6640625
3052,-3.552734375,3.626953125
3053,5.2265625,-5.66796875
3054,5.26171875,-5.72265625
3055,5.2890625,-5.73828125
3056,5.234375,-5.6875
3057,5.2578125,-5.6640625
3058,5.296875,-5.734375
3059,5.2421875,-5.6796875
3060,5.1953125,-5.64453125
3061,5.28515625,-5.75
3062,5.2109375,-5.625
3063,5.2109375,-5.6328125
3064,5.30078125,-5.7265625
3065,5.1796875,-5.61328125
3066,4.26171875,-4.6953125
3067,5.171875,-5.578125
3068,5.2890625,-5.6640625
3069,5.171875,-5.609375
3070,5.25,-5.67578125
3071,5.23046875,-5.65234375
3072,5.28515625,-5.63671875
3073,5.265625,-5.6640625
3074,4.91015625,-5.3203125
3075,5.25390625,-5.74609375
3076,5.24609375,-5.64453125
3077,5.140625,-5.5703125
3078,5.2265625,-5.64453125
3079,4.54296875,-5.02734375
3080,4.25390625,-4.734375
3081,5.17578125,-5.5859375
3082,5.13671875,-5.56640625
3083,5.2734375,-5.7421875
3084,5.3046875,-5.68359375
3085,4.90625,-5.28125
3086,5.0703125,-5.41796875
3087,5.19921875,-5.63671875
3088,5.296875,-5.734375
3089,5.2421875,-5.62890625
3090,-3.4296875,3.5234375
3091,5.3046875,-5.7109375
3092,5.0625,-5.48046875
3093,5.25390625,-5.6796875
3094,5.1484375,-5.5625
3095,5.25,-5.6484375
3096,4.49609375,-4.8984375
3097,5.296875,-5.734375
3098,-2.765625,2.83984375
3099,5.2265625,-5.68359375
3100,5.17578125,-5.5234375
3101,5.24609375,-5.67578125
3102,5.2578125,-5.6796875
3103,4.5859375,-5.0703125
3104,5.1328125,-5.48828125
3105,5.22265625,-5.640625
3106,5.23046875,-5.62890625
3107,5.296875,-5.7109375
3108,5.25,-5.69921875
3109,5.21484375,-5.68359375
3110,5.02734375,-5.4609375
3111,5.1875,-5.63671875
3112,3.90234375,-4.3203125
3113,3.94921875,-4.26171875
3114,5.0625,-5.4609375
3115,5.1484375,-5.54296875
3116,5.23828125,-5.6796875
3117,5.13671875,-5.55078125
3118,5.2578125,-5.69140625
3119,5.23046875,-5.62109375
3120,3.94140625,-4.125
3121,5.09375,-5.4765625
3122,4.49609375,-4.8984375
3123,2.984375,-3.357421875
3124,5.1484375,-5.58984375
3125,5.234375,-5.66015625
3126,4.7734375,-5.16015625
3127,5.171875,-5.64453125
3128,-3.626953125,3.708984375
3129,5.14453125,-5.54296875
3130,4.46484375,-4.8046875
3131,5.23828125,-5.67578125
3132,4.82421875,-5.26171875
3133,5.234375,-5.65234375
3134,4.79296875,-5.21875
3135,5.1484375,-5.515625
3136,-3.62890625,3.705078125
3137,5.2890625,-5.73828125
3138,5.03125,-5.4765625
3139,5.171875,-5.6171875
3140,5.3046875,-5.7421875
3141,4.44921875,-4.8984375
3142,5.26171875,-5.69921875
3143,5.2890625,-5.71875
3144,5.265625,-5.71875
3145,5.27734375,-5.69921875
3146,4.140625,-4.51171875
3147,5.2265625,-5.64453125
3148,-3.6328125,3.7109375
3149,5.19921875,-5.5703125
3150,4.91796875,-5.26953125
3151,5.265625,-5.69140625
3152,5.171875,-5.578125
3153,3.2265625,-3.48828125
3154,5.14453125,-5.46484375
3155,5.27734375,-5.67578125
3156,5.27734375,-5.71875
3157,5.140625,-5.60546875
3158,2.447265625,-2.818359375
3159,5.19140625,-5.58203125
3160,4.99609375,-5.4375
3161,5.25,-5.67578125
3162,-3.296875,3.357421875
3163,5.24609375,-5.6640625
3164,5.2890625,-5.7265625
3165,5.25,-5.67578125
3166,5.19140625,-5.58984375
3167,5.29296875,-5.69140625
3168,5.2734375,-5.703125
3169,5.234375,-5.6875
3170,-3.14453125,3.1953125
3171,5.2109375,-5.609375
3172,5.19921875,-5.65234375
3173,-3.63671875,3.7109375
3174,-3.27734375,3.384765625
3175,5.26171875,-5.73828125
3176,5.00390625,-5.45703125
3177,5.2734375,-5.7109375
3178,5.2578125,-5.71484375
3179,4.9375,-5.3359375
3180,5.2421875,-5.65234375
3181,-2.650390625,2.712890625
3182,5.09765625,-5.515625
3183,5.171875,-5.5234375
3184,5.12109375,-5.55078125
3185,2.962890625,-3.26953125
3186,5.15625,-5.52734375
3187,4.78515625,-5.125
3188,5.28515625,-5.75390625
3189,-3.46875,3.544921875
3190,5.15625,-5.51171875
3191,-3.037109375,3.12890625
3192,5.28125,-5.66015625
3193,4.8359375,-5.2421875
3194,5.2734375,-5.6796875
3195,5.08203125,-5.453125
3196,4.28125,-4.54296875
3197,5.09375,-5.515625
3198,5.2734375,-5.7265625
3199,5.28125,-5.7421875
3200,5.25,-5.6640625
3201,5.28515625,-5.66015625
3202,5.08984375,-5.484375
3203,5.2734375,-5.68359375
3204,5.09375,-5.51953125
3205,5.2265625,-5.7109375
3206,5.2265625,-5.578125
3207,5.203125,-5.58203125
3208,-3.23046875,3.330078125
3209,5.28125,-5.74609375
3210,5.0,-5.2109375
3211,5.23046875,-5.70703125
3212,4.83203125,-5.14453125
3213,-3.384765625,3.4296875
3214,5.2109375,-5.6953125
3215,-2.599609375,2.74609375
3216,5.22265625,-5.62109375
3217,5.16015625,-5.5703125
3218,5.29296875,-5.7421875
3219,4.30859375,-4.73046875
3220,5.26171875,-5.6484375
3221,5.046875,-5.4765625
3222,5.20703125,-5.65625
3223,5.3125,-5.7109375
3224,5.25,-5.69921875
3225,5.2109375,-5.625
3226,5.23828125,-5.5859375
3227,3.826171875,-4.16796875
3228,5.15625,-5.58203125
3229,5.25390625,-5.65234375
3230,5.19140625,-5.6328125
3231,5.234375,-5.703125
3232,5.2265625,-5.65625
3233,5.265625,-5.671875
3234,5.25,-5.70703125
3235,5.1015625,-5.56640625
3236,5.19140625,-5.56640625
3237,5.26953125,-5.6953125
3238,5.26171875,-5.6484375
3239,5.22265625,-5.63671875
3240,5.2578125,-5.625
3241,5.2734375,-5.7109375
3242,-3.244140625,3.33984375
3243,5.27734375,-5.6484375
3244,4.8984375,-5.21484375
3245,5.0234375,-5.3828125
3246,5.1875,-5.56640625
3247,1.7666015625,-2.16796875
3248,5.26171875,-5.62109375
3249,5.2265625,-5.61328125
3250,4.82421875,-5.171875
3251,5.203125,-5.65625
3252,5.015625,-5.328125
3253,5.2109375,-5.578125
3254,5.234375,-5.66015625
3255,5.1953125,-5.609375
3256,5.2421875,-5.671875
3257,5.14453125,-5.51953125
3258,5.296875,-5.71875
3259,5.22265625,-5.61328125
3260,5.203125,-5.59765625
3261,5.2578125,-5.66796875
3262,5.25,-5.66796875
3263,5.109375,-5.5703125
3264,4.9765625,-5.3203125
3265,5.20703125,-5.6171875
3266,5.2421875,-5.6640625
3267,5.30859375,-5.71875
3268,5.3203125,-5.71875
3269,-3.4765625,3.5703125
3270,5.23046875,-5.6796875
3271,5.25,-5.63671875
3272,5.27734375,-5.734375
3273,5.27734375,-5.6796875
3274,4.94140625,-5.375
3275,5.19921875,-5.62109375
3276,5.28515625,-5.7421875
3277,5.234375,-5.7109375
3278,5.20703125,-5.640625
3279,5.22265625,-5.53515625
3280,5.2421875,-5.65234375
3281,5.28125,-5.71484375
3282,5.203125,-5.625
3283,5.2421875,-5.59375
3284,5.26953125,-5.6875
3285,5.2890625,-5.72265625
3286,5.26171875,-5.7265625
3287,4.4140625,-4.890625
3288,5.17578125,-5.59765625
3289,5.14453125,-5.5703125
3290,5.21875,-5.62109375
3291,5.0859375,-5.53515625
3292,5.22265625,-5.6015625
3293,5.1640625,-5.63671875
3294,5.1875,-5.625
3295,-3.37890625,3.462890625
3296,4.671875,-5.05078125
3297,5.2421875,-5.6484375
3298,5.203125,-5.67578125
3299,5.26953125,-5.6640625
3300,5.265625,-5.62109375
3301,4.9765625,-5.40625
3302,5.1640625,-5.59765625
3303,5.21875,-5.66796875
3304,5.28515625,-5.71875
3305,5.1171875,-5.55859375
3306,5.26953125,-5.62890625
3307,-2.6875,2.8359375
3308,5.234375,-5.64453125
3309,5.140625,-5.5546875
3310,-3.609375,3.69140625
3311,5.1953125,-5.61328125
3312,5.17578125,-5.54296875
3313,5.27734375,-5.75
3314,-3.5,3.541015625
3315,4.1484375,-4.45703125
3316,5.2109375,-5.640625
3317,5.0390625,-5.4921875
3318,5.2578125,-5.7109375
3319,5.29296875,-5.7265625
3320,5.23046875,-5.6484375
3321,4.7734375,-5.2265625
3322,5.2265625,-5.6484375
3323,5.2421875,-5.6796875
3324,4.91015625,-5.25390625
3325,5.26953125,-5.671875
3326,5.25,-5.671875
3327,5.3125,-5.68359375
3328,-3.583984375,3.65625
3329,5.09375,-5.58203125
3330,5.20703125,-5.609375
3331,5.265625,-5.6796875
3332,5.1875,-5.63671875
3333,-3.45703125,3.533203125
3334,5.18359375,-5.65234375
3335,5.15625,-5.6171875
3336,5.1484375,-5.5703125
3337,5.0,-5.34375
3338,5.1484375,-5.56640625
3339,4.94140625,-5.2578125
